symbol,event_id,asset,launch_ts,announcement_ts,announcement_body_present,body_trading_time_present,onboardDate_present,pending_trading_ts_present,trading_ts_present,first_orderbook_ts_present,first_trade_ts_present,first_mark_ts_present,first_index_ts_present,first_oi_ts_present,l2_t0_t6h_present,trades_t0_t6h_present,funding_present,spot_existed_before,other_venue_existed_before,actual_fee_present,capacity_present,coverage_score,coverage_score_after_free,coverage_score_after_free_and_key,bucket,bucket_after_free,missing_p0_fields,missing_p1_fields,backfill_source,action,vision_available,vision_missing,other_venue_first,launch_year
LUNA2USDT,e3fdaf3c4fc6fe49ad83a2b2,LUNA2,2022-09-10T03:00:00+00:00,2022-09-09T15:55:59.216000+00:00,False,False,True,False,True,False,False,False,False,False,False,False,False,True,False,False,False,20,66,69,unusable,partial,first_trade_ts_present;first_mark_ts_present;first_index_ts_present;trades_t0_t6h_present;body_trading_time_present,first_orderbook_ts_present;first_oi_ts_present;funding_present;l2_t0_t6h_present;actual_fee_present;capacity_present;other_venue_existed_before,paid,collect,aggTrades;markPriceKlines;indexPriceKlines;premiumIndexKlines;metrics;fundingRate,bookDepth,,2022
BLURUSDT,27b63ec2126b71570873365d,BLUR,2023-04-28T12:00:00+00:00,2023-04-27T12:26:05.486000+00:00,False,False,True,False,True,False,False,False,False,False,False,False,False,True,True,False,False,30,92,95,unusable,clean,first_trade_ts_present;first_mark_ts_present;first_index_ts_present;trades_t0_t6h_present;body_trading_time_present,first_orderbook_ts_present;first_oi_ts_present;funding_present;l2_t0_t6h_present;actual_fee_present;capacity_present,free,collect,aggTrades;bookDepth;markPriceKlines;indexPriceKlines;premiumIndexKlines;metrics;fundingRate,,bybit:listing@2023-02-01T05:44,2023
1000PEPEUSDT,771eb47c3fcc81c52c724335,1000PEPE,2023-05-05T16:30:00+00:00,2023-05-05T12:15:19.381000+00:00,False,False,True,False,True,False,False,False,False,False,False,False,False,True,True,False,False,30,92,95,unusable,clean,first_trade_ts_present;first_mark_ts_present;first_index_ts_present;trades_t0_t6h_present;body_trading_time_present,first_orderbook_ts_present;first_oi_ts_present;funding_present;l2_t0_t6h_present;actual_fee_present;capacity_present,free,collect,aggTrades;bookDepth;markPriceKlines;indexPriceKlines;premiumIndexKlines;metrics;fundingRate,,bybit:futures_listing@2023-05-03T04:22,2023
ARKUSDT,8f9346145d6137459b8f23c9,ARK,2023-09-19T16:03:00+00:00,2023-09-19T08:20:07.962000+00:00,False,False,True,False,True,False,False,False,False,False,False,False,False,True,False,False,False,20,82,85,unusable,near_usable,first_trade_ts_present;first_mark_ts_present;first_index_ts_present;trades_t0_t6h_present;body_trading_time_present,first_orderbook_ts_present;first_oi_ts_present;funding_present;l2_t0_t6h_present;actual_fee_present;capacity_present;other_venue_existed_before,free,collect,aggTrades;bookDepth;markPriceKlines;indexPriceKlines;premiumIndexKlines;metrics;fundingRate,,,2023
BIGTIMEUSDT,6c20de43f56e37f8ca8be6d0,BIGTIME,2023-10-12T14:30:00+00:00,2023-10-12T11:17:22.199000+00:00,False,False,True,False,True,False,False,False,False,False,False,False,False,True,False,False,False,20,82,85,unusable,near_usable,first_trade_ts_present;first_mark_ts_present;first_index_ts_present;trades_t0_t6h_present;body_trading_time_present,first_orderbook_ts_present;first_oi_ts_present;funding_present;l2_t0_t6h_present;actual_fee_present;capacity_present;other_venue_existed_before,free,collect,aggTrades;bookDepth;markPriceKlines;indexPriceKlines;premiumIndexKlines;metrics;fundingRate,,,2023
ORBSUSDT,525708299058a330fb701cef,ORBS,2023-10-17T06:00:00+00:00,2023-10-17T01:33:56.276000+00:00,False,False,True,False,True,False,False,False,False,False,False,False,False,True,True,False,False,30,92,95,unusable,clean,first_trade_ts_present;first_mark_ts_present;first_index_ts_present;trades_t0_t6h_present;body_trading_time_present,first_orderbook_ts_present;first_oi_ts_present;funding_present;l2_t0_t6h_present;actual_fee_present;capacity_present,free,collect,aggTrades;bookDepth;markPriceKlines;indexPriceKlines;premiumIndexKlines;metrics;fundingRate,,okx:listing@2023-03-03T07:42,2023
BSVUSDT,b6b050a77e7ba560ac45accb,BSV,2023-10-20T12:30:00+00:00,2023-10-20T03:15:03.998000+00:00,False,False,True,False,True,False,False,False,False,False,False,False,False,True,False,False,False,20,82,85,unusable,near_usable,first_trade_ts_present;first_mark_ts_present;first_index_ts_present;trades_t0_t6h_present;body_trading_time_present,first_orderbook_ts_present;first_oi_ts_present;funding_present;l2_t0_t6h_present;actual_fee_present;capacity_present;other_venue_existed_before,free,collect,aggTrades;bookDepth;markPriceKlines;indexPriceKlines;premiumIndexKlines;metrics;fundingRate,,,2023
TOKENUSDT,0203a2e2313bf3decb1ca01a,TOKEN,2023-11-03T15:00:00+00:00,2023-11-03T10:50:02.884000+00:00,False,False,True,False,True,False,False,False,False,False,False,False,False,True,True,False,False,30,92,95,unusable,clean,first_trade_ts_present;first_mark_ts_present;first_index_ts_present;trades_t0_t6h_present;body_trading_time_present,first_orderbook_ts_present;first_oi_ts_present;funding_present;l2_t0_t6h_present;actual_fee_present;capacity_present,free,collect,aggTrades;bookDepth;markPriceKlines;indexPriceKlines;premiumIndexKlines;metrics;fundingRate,,bybit:listing@2023-11-02T09:00,2023
KASUSDT,3c3028d3750531b66a53cf7c,KAS,2023-11-17T02:00:00+00:00,2023-11-16T13:38:07.548000+00:00,False,False,True,False,True,False,False,False,False,False,False,False,False,True,True,False,False,30,92,95,unusable,clean,first_trade_ts_present;first_mark_ts_present;first_index_ts_present;trades_t0_t6h_present;body_trading_time_present,first_orderbook_ts_present;first_oi_ts_present;funding_present;l2_t0_t6h_present;actual_fee_present;capacity_present,free,collect,aggTrades;bookDepth;markPriceKlines;indexPriceKlines;premiumIndexKlines;metrics;fundingRate,,bybit:listing@2023-09-06T10:00,2023
ETHWUSDT,b4883000a6fb5da32096f7b6,ETHW,2023-11-28T12:30:00+00:00,2023-11-28T06:51:02.129000+00:00,False,False,True,False,True,False,False,False,False,False,False,False,False,True,True,False,False,30,92,95,unusable,clean,first_trade_ts_present;first_mark_ts_present;first_index_ts_present;trades_t0_t6h_present;body_trading_time_present,first_orderbook_ts_present;first_oi_ts_present;funding_present;l2_t0_t6h_present;actual_fee_present;capacity_present,free,collect,aggTrades;bookDepth;markPriceKlines;indexPriceKlines;premiumIndexKlines;metrics;fundingRate,,bybit:listing@2022-09-15T09:33,2023
1000SATSUSDT,bd02f81f806b61964ad28fa1,1000SATS,2023-12-12T14:00:00+00:00,2023-12-12T08:15:45.949000+00:00,False,False,True,False,True,False,False,False,False,False,False,False,False,True,False,False,False,20,82,85,unusable,near_usable,first_trade_ts_present;first_mark_ts_present;first_index_ts_present;trades_t0_t6h_present;body_trading_time_present,first_orderbook_ts_present;first_oi_ts_present;funding_present;l2_t0_t6h_present;actual_fee_present;capacity_present;other_venue_existed_before,free,collect,aggTrades;bookDepth;markPriceKlines;indexPriceKlines;premiumIndexKlines;metrics;fundingRate,,,2023
1000RATSUSDT,8c5cf6e313e24b24e0ae548e,1000RATS,2023-12-15T14:00:00+00:00,2023-12-15T11:41:00.408000+00:00,False,False,True,False,True,False,False,False,False,False,False,False,False,True,False,False,False,20,82,85,unusable,near_usable,first_trade_ts_present;first_mark_ts_present;first_index_ts_present;trades_t0_t6h_present;body_trading_time_present,first_orderbook_ts_present;first_oi_ts_present;funding_present;l2_t0_t6h_present;actual_fee_present;capacity_present;other_venue_existed_before,free,collect,aggTrades;bookDepth;markPriceKlines;indexPriceKlines;premiumIndexKlines;metrics;fundingRate,,,2023
WIFUSDT,7f4b196e58663442894e9aef,WIF,2024-01-18T14:15:00+00:00,2024-01-18T07:25:15.644000+00:00,False,False,True,False,True,False,False,False,False,False,False,False,False,True,True,False,False,30,92,95,unusable,clean,first_trade_ts_present;first_mark_ts_present;first_index_ts_present;trades_t0_t6h_present;body_trading_time_present,first_orderbook_ts_present;first_oi_ts_present;funding_present;l2_t0_t6h_present;actual_fee_present;capacity_present,free,collect,aggTrades;bookDepth;markPriceKlines;indexPriceKlines;premiumIndexKlines;metrics;fundingRate,,bybit:futures_listing@2024-01-11T12:34,2024
ONDOUSDT,7ae90f464d9d3ad74c14c360,ONDO,2024-01-20T13:00:00+00:00,2024-01-20T11:05:20.362000+00:00,False,False,True,False,True,False,False,False,False,False,False,False,False,True,True,False,False,30,92,95,unusable,clean,first_trade_ts_present;first_mark_ts_present;first_index_ts_present;trades_t0_t6h_present;body_trading_time_present,first_orderbook_ts_present;first_oi_ts_present;funding_present;l2_t0_t6h_present;actual_fee_present;capacity_present,free,collect,aggTrades;bookDepth;markPriceKlines;indexPriceKlines;premiumIndexKlines;metrics;fundingRate,,bybit:listing@2024-01-17T10:00,2024
ZETAUSDT,d588cda01954d01fe6318c95,ZETA,2024-02-02T08:30:00+00:00,2024-02-02T04:15:02.780000+00:00,False,False,True,False,True,False,False,False,False,False,False,False,False,True,True,False,False,30,92,95,unusable,clean,first_trade_ts_present;first_mark_ts_present;first_index_ts_present;trades_t0_t6h_present;body_trading_time_present,first_orderbook_ts_present;first_oi_ts_present;funding_present;l2_t0_t6h_present;actual_fee_present;capacity_present,free,collect,aggTrades;bookDepth;markPriceKlines;indexPriceKlines;premiumIndexKlines;metrics;fundingRate,,okx:listing@2024-01-30T09:54,2024
TONUSDT,3996d75d68d7fe9f1b79b94a,TON,2024-03-01T12:31:00+00:00,2024-03-01T05:05:04.921000+00:00,False,False,True,False,True,False,False,False,False,False,False,False,False,True,True,False,False,30,92,95,unusable,clean,first_trade_ts_present;first_mark_ts_present;first_index_ts_present;trades_t0_t6h_present;body_trading_time_present,first_orderbook_ts_present;first_oi_ts_present;funding_present;l2_t0_t6h_present;actual_fee_present;capacity_present,free,collect,aggTrades;bookDepth;markPriceKlines;indexPriceKlines;premiumIndexKlines;metrics;fundingRate,,bybit:listing@2022-12-21T04:24,2024
MYROUSDT,16d2301813546604bccc72c1,MYRO,2024-03-05T08:30:00+00:00,2024-03-05T05:35:23.762000+00:00,False,False,True,False,True,False,False,False,False,False,False,False,False,True,True,False,False,30,92,95,unusable,clean,first_trade_ts_present;first_mark_ts_present;first_index_ts_present;trades_t0_t6h_present;body_trading_time_present,first_orderbook_ts_present;first_oi_ts_present;funding_present;l2_t0_t6h_present;actual_fee_present;capacity_present,free,collect,aggTrades;bookDepth;markPriceKlines;indexPriceKlines;premiumIndexKlines;metrics;fundingRate,,bybit:listing@2024-01-18T10:00,2024
BOMEUSDT,f43f9a7538849c554a17a309,BOME,2024-03-16T12:30:00+00:00,2024-03-16T04:45:10.142000+00:00,False,False,True,False,True,False,False,False,False,False,False,False,False,True,True,False,False,30,92,95,unusable,clean,first_trade_ts_present;first_mark_ts_present;first_index_ts_present;trades_t0_t6h_present;body_trading_time_present,first_orderbook_ts_present;first_oi_ts_present;funding_present;l2_t0_t6h_present;actual_fee_present;capacity_present,free,collect,aggTrades;bookDepth;markPriceKlines;indexPriceKlines;premiumIndexKlines;metrics;fundingRate,,bybit:futures_listing@2024-03-15T08:00,2024
MEWUSDT,37579a9fb49ede269bf8f628,MEW,2024-06-17T14:00:00+00:00,2024-06-17T12:00:01.864000+00:00,False,False,True,False,True,False,False,False,False,False,False,False,False,True,True,False,False,30,92,95,unusable,clean,first_trade_ts_present;first_mark_ts_present;first_index_ts_present;trades_t0_t6h_present;body_trading_time_present,first_orderbook_ts_present;first_oi_ts_present;funding_present;l2_t0_t6h_present;actual_fee_present;capacity_present,free,collect,aggTrades;bookDepth;markPriceKlines;indexPriceKlines;premiumIndexKlines;metrics;fundingRate,,bybit:listing@2024-04-18T03:31,2024
BRETTUSDT,4504cb146c6018bec3d3d9ec,BRETT,2024-08-20T10:35:00+00:00,2024-08-20T09:00:06.102000+00:00,False,False,True,False,True,False,False,False,False,False,False,False,False,True,True,False,False,30,92,95,unusable,clean,first_trade_ts_present;first_mark_ts_present;first_index_ts_present;trades_t0_t6h_present;body_trading_time_present,first_orderbook_ts_present;first_oi_ts_present;funding_present;l2_t0_t6h_present;actual_fee_present;capacity_present,free,collect,aggTrades;bookDepth;markPriceKlines;indexPriceKlines;premiumIndexKlines;metrics;fundingRate,,bybit:listing@2024-04-18T10:34,2024
NEIROETHUSDT,9101807195e525fff9bdf472,NEIROETH,2024-09-06T14:00:00+00:00,2024-09-06T13:00:15.089000+00:00,False,False,True,False,True,False,False,False,False,False,False,False,False,True,True,False,False,30,92,95,unusable,clean,first_trade_ts_present;first_mark_ts_present;first_index_ts_present;trades_t0_t6h_present;body_trading_time_present,first_orderbook_ts_present;first_oi_ts_present;funding_present;l2_t0_t6h_present;actual_fee_present;capacity_present,free,collect,aggTrades;bookDepth;markPriceKlines;indexPriceKlines;premiumIndexKlines;metrics;fundingRate,,bybit:futures_listing@2024-08-15T10:00,2024
UXLINKUSDT,e0a50e3cea619eac2465defc,UXLINK,2024-09-15T15:00:00+00:00,2024-09-15T13:04:32.169000+00:00,False,False,True,False,True,False,False,False,False,False,False,False,False,True,True,False,False,30,92,95,unusable,clean,first_trade_ts_present;first_mark_ts_present;first_index_ts_present;trades_t0_t6h_present;body_trading_time_present,first_orderbook_ts_present;first_oi_ts_present;funding_present;l2_t0_t6h_present;actual_fee_present;capacity_present,free,collect,aggTrades;bookDepth;markPriceKlines;indexPriceKlines;premiumIndexKlines;metrics;fundingRate,,bybit:listing@2024-07-16T05:32,2024
1000CATUSDT,ad82dcce37e5348b048e282d,1000CAT,2024-10-21T12:30:00+00:00,2024-10-21T10:30:38.455000+00:00,False,False,True,False,True,False,False,False,False,False,False,False,False,True,True,False,False,30,92,95,unusable,clean,first_trade_ts_present;first_mark_ts_present;first_index_ts_present;trades_t0_t6h_present;body_trading_time_present,first_orderbook_ts_present;first_oi_ts_present;funding_present;l2_t0_t6h_present;actual_fee_present;capacity_present,free,collect,aggTrades;bookDepth;markPriceKlines;indexPriceKlines;premiumIndexKlines;metrics;fundingRate,,bybit:futures_listing@2024-09-13T12:11,2024
GOATUSDT,700d4e731095fcaedaac26c5,GOAT,2024-10-24T13:30:00+00:00,2024-10-24T11:34:32.095000+00:00,False,False,True,False,True,False,False,False,False,False,False,False,False,True,True,False,False,30,92,95,unusable,clean,first_trade_ts_present;first_mark_ts_present;first_index_ts_present;trades_t0_t6h_present;body_trading_time_present,first_orderbook_ts_present;first_oi_ts_present;funding_present;l2_t0_t6h_present;actual_fee_present;capacity_present,free,collect,aggTrades;bookDepth;markPriceKlines;indexPriceKlines;premiumIndexKlines;metrics;fundingRate,,bybit:futures_listing@2024-10-23T10:00,2024
MOODENGUSDT,c2b91bfbec0ed43aabcdb74f,MOODENG,2024-10-25T10:00:00+00:00,2024-10-25T08:00:31.189000+00:00,False,False,True,False,True,False,False,False,False,False,False,False,False,True,True,False,False,30,92,95,unusable,clean,first_trade_ts_present;first_mark_ts_present;first_index_ts_present;trades_t0_t6h_present;body_trading_time_present,first_orderbook_ts_present;first_oi_ts_present;funding_present;l2_t0_t6h_present;actual_fee_present;capacity_present,free,collect,aggTrades;bookDepth;markPriceKlines;indexPriceKlines;premiumIndexKlines;metrics;fundingRate,,bybit:futures_listing@2024-10-01T08:32,2024
SAFEUSDT,a95a9d746860bc6de0bd1040,SAFE,2024-10-25T12:30:00+00:00,2024-10-25T10:30:00.674000+00:00,False,False,True,False,True,False,False,False,False,False,False,False,False,True,True,False,False,30,92,95,unusable,clean,first_trade_ts_present;first_mark_ts_present;first_index_ts_present;trades_t0_t6h_present;body_trading_time_present,first_orderbook_ts_present;first_oi_ts_present;funding_present;l2_t0_t6h_present;actual_fee_present;capacity_present,free,collect,aggTrades;bookDepth;markPriceKlines;indexPriceKlines;premiumIndexKlines;metrics;fundingRate,,bybit:listing@2024-04-23T06:00,2024
PONKEUSDT,2bf17446b8052a2980d08b2c,PONKE,2024-11-04T12:30:00+00:00,2024-11-04T10:30:23.083000+00:00,False,False,True,False,True,False,False,False,False,False,False,False,False,True,True,False,False,30,92,95,unusable,clean,first_trade_ts_present;first_mark_ts_present;first_index_ts_present;trades_t0_t6h_present;body_trading_time_present,first_orderbook_ts_present;first_oi_ts_present;funding_present;l2_t0_t6h_present;actual_fee_present;capacity_present,free,collect,aggTrades;bookDepth;markPriceKlines;indexPriceKlines;premiumIndexKlines;metrics;fundingRate,,bybit:listing@2024-05-10T10:00,2024
1000000MOGUSDT,125e6fdf0008d975a343c942,1000000MOG,2024-11-07T12:30:00+00:00,2024-11-07T10:28:53.236000+00:00,False,False,True,False,True,False,False,False,False,False,False,False,False,True,False,False,False,20,82,85,unusable,near_usable,first_trade_ts_present;first_mark_ts_present;first_index_ts_present;trades_t0_t6h_present;body_trading_time_present,first_orderbook_ts_present;first_oi_ts_present;funding_present;l2_t0_t6h_present;actual_fee_present;capacity_present;other_venue_existed_before,free,collect,aggTrades;bookDepth;markPriceKlines;indexPriceKlines;premiumIndexKlines;metrics;fundingRate,,,2024
SWELLUSDT,aab29a722c1f1f70858d4380,SWELL,2024-11-08T16:00:00+00:00,2024-11-08T14:03:02.460000+00:00,False,False,True,False,True,False,False,False,False,False,False,False,False,True,True,False,False,30,92,95,unusable,clean,first_trade_ts_present;first_mark_ts_present;first_index_ts_present;trades_t0_t6h_present;body_trading_time_present,first_orderbook_ts_present;first_oi_ts_present;funding_present;l2_t0_t6h_present;actual_fee_present;capacity_present,free,collect,aggTrades;bookDepth;markPriceKlines;indexPriceKlines;premiumIndexKlines;metrics;fundingRate,,bybit:futures_listing@2024-11-07T11:30,2024
HIPPOUSDT,de0cd69adb47be97865353eb,HIPPO,2024-11-13T12:30:00+00:00,2024-11-13T10:30:00.839000+00:00,False,False,True,False,True,False,False,False,False,False,False,False,False,True,False,False,False,20,82,85,unusable,near_usable,first_trade_ts_present;first_mark_ts_present;first_index_ts_present;trades_t0_t6h_present;body_trading_time_present,first_orderbook_ts_present;first_oi_ts_present;funding_present;l2_t0_t6h_present;actual_fee_present;capacity_present;other_venue_existed_before,free,collect,aggTrades;bookDepth;markPriceKlines;indexPriceKlines;premiumIndexKlines;metrics;fundingRate,,,2024
DEGENUSDT,a145fa44534b876ab3762b4b,DEGEN,2024-11-15T11:30:00+00:00,2024-11-15T09:30:13.144000+00:00,False,False,True,False,True,False,False,False,False,False,False,False,False,True,True,False,False,30,92,95,unusable,clean,first_trade_ts_present;first_mark_ts_present;first_index_ts_present;trades_t0_t6h_present;body_trading_time_present,first_orderbook_ts_present;first_oi_ts_present;funding_present;l2_t0_t6h_present;actual_fee_present;capacity_present,free,collect,aggTrades;bookDepth;markPriceKlines;indexPriceKlines;premiumIndexKlines;metrics;fundingRate,,bybit:listing@2024-03-28T06:32,2024
BANUSDT,551e7c68db4a708957037745,BAN,2024-11-18T11:30:00+00:00,2024-11-18T09:30:12.272000+00:00,False,False,True,False,True,False,False,False,False,False,False,False,False,True,True,False,False,30,92,95,unusable,clean,first_trade_ts_present;first_mark_ts_present;first_index_ts_present;trades_t0_t6h_present;body_trading_time_present,first_orderbook_ts_present;first_oi_ts_present;funding_present;l2_t0_t6h_present;actual_fee_present;capacity_present,free,collect,aggTrades;bookDepth;markPriceKlines;indexPriceKlines;premiumIndexKlines;metrics;fundingRate,,bybit:futures_listing@2024-11-18T09:07,2024
SLERFUSDT,e4c2c21b562ca8d7a3bc69f4,SLERF,2024-11-21T11:30:00+00:00,2024-11-21T09:30:02.071000+00:00,False,False,True,False,True,False,False,False,False,False,False,False,False,True,True,False,False,30,92,95,unusable,clean,first_trade_ts_present;first_mark_ts_present;first_index_ts_present;trades_t0_t6h_present;body_trading_time_present,first_orderbook_ts_present;first_oi_ts_present;funding_present;l2_t0_t6h_present;actual_fee_present;capacity_present,free,collect,aggTrades;bookDepth;markPriceKlines;indexPriceKlines;premiumIndexKlines;metrics;fundingRate,,bybit:futures_listing@2024-03-18T13:00,2024
1000WHYUSDT,5b96299e3ac21d97d9913488,1000WHY,2024-11-25T11:31:00+00:00,2024-11-25T09:35:02.268000+00:00,False,False,True,False,True,False,False,False,False,False,False,False,False,True,False,False,False,20,82,85,unusable,near_usable,first_trade_ts_present;first_mark_ts_present;first_index_ts_present;trades_t0_t6h_present;body_trading_time_present,first_orderbook_ts_present;first_oi_ts_present;funding_present;l2_t0_t6h_present;actual_fee_present;capacity_present;other_venue_existed_before,free,collect,aggTrades;bookDepth;markPriceKlines;indexPriceKlines;premiumIndexKlines;metrics;fundingRate,,,2024
MORPHOUSDT,4d8c383224e3a76f6fc58997,MORPHO,2024-11-27T14:30:00+00:00,2024-11-27T12:31:41.624000+00:00,False,False,True,False,True,False,False,False,False,False,False,False,False,True,True,False,False,30,92,95,unusable,clean,first_trade_ts_present;first_mark_ts_present;first_index_ts_present;trades_t0_t6h_present;body_trading_time_present,first_orderbook_ts_present;first_oi_ts_present;funding_present;l2_t0_t6h_present;actual_fee_present;capacity_present,free,collect,aggTrades;bookDepth;markPriceKlines;indexPriceKlines;premiumIndexKlines;metrics;fundingRate,,bybit:futures_listing@2024-11-22T09:07,2024
SPXUSDT,a7150d1cd6602cc674f27ab1,SPX,2024-12-10T12:45:00+00:00,2024-12-10T09:19:40.056000+00:00,False,False,True,False,True,False,False,False,False,False,False,False,False,True,True,False,False,30,92,95,unusable,clean,first_trade_ts_present;first_mark_ts_present;first_index_ts_present;trades_t0_t6h_present;body_trading_time_present,first_orderbook_ts_present;first_oi_ts_present;funding_present;l2_t0_t6h_present;actual_fee_present;capacity_present,free,collect,aggTrades;bookDepth;markPriceKlines;indexPriceKlines;premiumIndexKlines;metrics;fundingRate,,bybit:futures_listing@2024-10-29T09:00,2024
MOCAUSDT,99b90c668ff8d07f9a62c71c,MOCA,2024-12-16T11:30:00+00:00,2024-12-16T09:19:43.453000+00:00,False,False,True,False,True,False,False,False,False,False,False,False,False,True,True,False,False,30,92,95,unusable,clean,first_trade_ts_present;first_mark_ts_present;first_index_ts_present;trades_t0_t6h_present;body_trading_time_present,first_orderbook_ts_present;first_oi_ts_present;funding_present;l2_t0_t6h_present;actual_fee_present;capacity_present,free,collect,aggTrades;bookDepth;markPriceKlines;indexPriceKlines;premiumIndexKlines;metrics;fundingRate,,bybit:futures_listing@2024-07-12T10:52,2024
KMNOUSDT,ada0dad89ba8db72db34e5e1,KMNO,2024-12-20T19:00:00+00:00,2024-12-20T16:04:10.493000+00:00,False,False,True,False,True,False,False,False,False,False,False,False,False,True,True,False,False,30,92,95,unusable,clean,first_trade_ts_present;first_mark_ts_present;first_index_ts_present;trades_t0_t6h_present;body_trading_time_present,first_orderbook_ts_present;first_oi_ts_present;funding_present;l2_t0_t6h_present;actual_fee_present;capacity_present,free,collect,aggTrades;bookDepth;markPriceKlines;indexPriceKlines;premiumIndexKlines;metrics;fundingRate,,bybit:listing@2024-04-23T10:00,2024
AI16ZUSDT,bf08b1b7b1db53a4adabf00b,AI16Z,2025-01-02T13:45:00+00:00,2025-01-02T10:50:37.626000+00:00,False,False,True,False,True,False,False,False,False,False,False,False,False,True,True,False,False,30,92,95,unusable,clean,first_trade_ts_present;first_mark_ts_present;first_index_ts_present;trades_t0_t6h_present;body_trading_time_present,first_orderbook_ts_present;first_oi_ts_present;funding_present;l2_t0_t6h_present;actual_fee_present;capacity_present,free,collect,aggTrades;bookDepth;markPriceKlines;indexPriceKlines;premiumIndexKlines;metrics;fundingRate,,bybit:futures_listing@2024-12-30T08:28,2025
SWARMSUSDT,f736f1ca447ec854a82c39e1,SWARMS,2025-01-07T12:15:00+00:00,2025-01-07T08:58:00.965000+00:00,False,False,True,False,True,False,False,False,False,False,False,False,False,True,True,False,False,30,92,95,unusable,clean,first_trade_ts_present;first_mark_ts_present;first_index_ts_present;trades_t0_t6h_present;body_trading_time_present,first_orderbook_ts_present;first_oi_ts_present;funding_present;l2_t0_t6h_present;actual_fee_present;capacity_present,free,collect,aggTrades;bookDepth;markPriceKlines;indexPriceKlines;premiumIndexKlines;metrics;fundingRate,,bybit:futures_listing@2025-01-06T09:00,2025
SONICUSDT,98bb20f584caad1487773629,SONIC,2025-01-08T07:01:00+00:00,2025-01-08T04:54:28.898000+00:00,False,False,True,False,True,False,False,False,False,False,False,False,False,True,True,False,False,30,92,95,unusable,clean,first_trade_ts_present;first_mark_ts_present;first_index_ts_present;trades_t0_t6h_present;body_trading_time_present,first_orderbook_ts_present;first_oi_ts_present;funding_present;l2_t0_t6h_present;actual_fee_present;capacity_present,free,collect,aggTrades;bookDepth;markPriceKlines;indexPriceKlines;premiumIndexKlines;metrics;fundingRate,,bybit:listing@2024-12-31T13:02,2025
ARCUSDT,e392222f24c675106459b5d8,ARC,2025-01-17T13:00:00+00:00,2025-01-17T10:07:03.396000+00:00,False,False,True,False,True,False,False,False,False,False,False,False,False,True,True,False,False,30,92,95,unusable,clean,first_trade_ts_present;first_mark_ts_present;first_index_ts_present;trades_t0_t6h_present;body_trading_time_present,first_orderbook_ts_present;first_oi_ts_present;funding_present;l2_t0_t6h_present;actual_fee_present;capacity_present,free,collect,aggTrades;bookDepth;markPriceKlines;indexPriceKlines;premiumIndexKlines;metrics;fundingRate,,bybit:futures_listing@2025-01-03T09:05,2025
TRUMPUSDT,3fb6ffd8390e7119ddfa4168,TRUMP,2025-01-18T13:00:00+00:00,2025-01-18T10:43:11.591000+00:00,False,False,True,False,True,False,False,False,False,False,False,False,False,True,True,False,False,30,92,95,unusable,clean,first_trade_ts_present;first_mark_ts_present;first_index_ts_present;trades_t0_t6h_present;body_trading_time_present,first_orderbook_ts_present;first_oi_ts_present;funding_present;l2_t0_t6h_present;actual_fee_present;capacity_present,free,collect,aggTrades;bookDepth;markPriceKlines;indexPriceKlines;premiumIndexKlines;metrics;fundingRate,,bybit:futures_listing@2025-01-18T06:49,2025
MELANIAUSDT,0e44ae278bb97bca471915f5,MELANIA,2025-01-20T09:30:00+00:00,2025-01-20T06:55:13.731000+00:00,False,False,True,False,True,False,False,False,False,False,False,False,False,True,True,False,False,30,92,95,unusable,clean,first_trade_ts_present;first_mark_ts_present;first_index_ts_present;trades_t0_t6h_present;body_trading_time_present,first_orderbook_ts_present;first_oi_ts_present;funding_present;l2_t0_t6h_present;actual_fee_present;capacity_present,free,collect,aggTrades;bookDepth;markPriceKlines;indexPriceKlines;premiumIndexKlines;metrics;fundingRate,,bybit:futures_listing@2025-01-20T05:30,2025
VINEUSDT,86c2b231d2e88deccfa3bbeb,VINE,2025-01-24T10:00:00+00:00,2025-01-24T07:10:06.449000+00:00,False,False,True,False,True,False,False,False,False,False,False,False,False,True,True,False,False,30,92,95,unusable,clean,first_trade_ts_present;first_mark_ts_present;first_index_ts_present;trades_t0_t6h_present;body_trading_time_present,first_orderbook_ts_present;first_oi_ts_present;funding_present;l2_t0_t6h_present;actual_fee_present;capacity_present,free,collect,aggTrades;bookDepth;markPriceKlines;indexPriceKlines;premiumIndexKlines;metrics;fundingRate,,bybit:futures_listing@2025-01-23T12:02,2025
VVVUSDT,4c12d6c81d3645194cab5045,VVV,2025-01-29T08:15:00+00:00,2025-01-29T05:52:20.129000+00:00,False,False,True,False,True,False,False,False,False,False,False,False,False,True,True,False,False,30,92,95,unusable,clean,first_trade_ts_present;first_mark_ts_present;first_index_ts_present;trades_t0_t6h_present;body_trading_time_present,first_orderbook_ts_present;first_oi_ts_present;funding_present;l2_t0_t6h_present;actual_fee_present;capacity_present,free,collect,aggTrades;bookDepth;markPriceKlines;indexPriceKlines;premiumIndexKlines;metrics;fundingRate,,bybit:futures_listing@2025-01-28T04:47,2025
B3USDT,07816b67a3eae3aa4efe314e,B3,2025-02-13T11:30:00+00:00,2025-02-13T09:45:10.452000+00:00,False,False,True,False,True,False,False,False,False,False,False,False,False,True,True,False,False,30,92,95,unusable,clean,first_trade_ts_present;first_mark_ts_present;first_index_ts_present;trades_t0_t6h_present;body_trading_time_present,first_orderbook_ts_present;first_oi_ts_present;funding_present;l2_t0_t6h_present;actual_fee_present;capacity_present,free,collect,aggTrades;bookDepth;markPriceKlines;indexPriceKlines;premiumIndexKlines;metrics;fundingRate,,bybit:listing@2025-02-07T15:21,2025
IPUSDT,b314ec3e632f7dbb1c28286c,IP,2025-02-13T17:00:00+00:00,2025-02-13T15:04:51.469000+00:00,False,False,True,False,True,False,False,False,False,False,False,False,False,True,True,False,False,30,92,95,unusable,clean,first_trade_ts_present;first_mark_ts_present;first_index_ts_present;trades_t0_t6h_present;body_trading_time_present,first_orderbook_ts_present;first_oi_ts_present;funding_present;l2_t0_t6h_present;actual_fee_present;capacity_present,free,collect,aggTrades;bookDepth;markPriceKlines;indexPriceKlines;premiumIndexKlines;metrics;fundingRate,,bybit:futures_listing@2025-02-07T08:29,2025
GPSUSDT,9e036098bc3802c199459a35,GPS,2025-02-17T17:00:00+00:00,2025-02-17T15:08:56.220000+00:00,False,False,True,False,True,False,False,False,False,False,False,False,False,True,True,False,False,30,92,95,unusable,clean,first_trade_ts_present;first_mark_ts_present;first_index_ts_present;trades_t0_t6h_present;body_trading_time_present,first_orderbook_ts_present;first_oi_ts_present;funding_present;l2_t0_t6h_present;actual_fee_present;capacity_present,free,collect,aggTrades;bookDepth;markPriceKlines;indexPriceKlines;premiumIndexKlines;metrics;fundingRate,,bybit:listing@2025-01-15T13:04,2025
BMTUSDT,a877b9f75fd6bd4c38ca74e9,BMT,2025-03-17T13:30:00+00:00,2025-03-17T11:31:00.548000+00:00,False,False,True,False,True,False,False,False,False,False,False,False,False,True,True,False,False,30,92,95,unusable,clean,first_trade_ts_present;first_mark_ts_present;first_index_ts_present;trades_t0_t6h_present;body_trading_time_present,first_orderbook_ts_present;first_oi_ts_present;funding_present;l2_t0_t6h_present;actual_fee_present;capacity_present,free,collect,aggTrades;bookDepth;markPriceKlines;indexPriceKlines;premiumIndexKlines;metrics;fundingRate,,bybit:listing@2025-03-10T06:10,2025
BRUSDT,5f11d51c9603a090e9575f24,BR,2025-03-21T12:45:00+00:00,2025-03-21T10:46:15.638000+00:00,False,False,True,False,True,False,False,False,False,False,False,False,False,True,True,False,False,30,92,95,unusable,clean,first_trade_ts_present;first_mark_ts_present;first_index_ts_present;trades_t0_t6h_present;body_trading_time_present,first_orderbook_ts_present;first_oi_ts_present;funding_present;l2_t0_t6h_present;actual_fee_present;capacity_present,free,collect,aggTrades;bookDepth;markPriceKlines;indexPriceKlines;premiumIndexKlines;metrics;fundingRate,,bybit:listing@2025-03-20T09:23,2025
JELLYJELLYUSDT,2a65ffaad5c0eaf54699e7ff,JELLYJELLY,2025-03-26T16:00:00+00:00,2025-03-26T15:16:10.581000+00:00,False,False,True,False,True,False,False,False,False,False,False,False,False,True,True,False,False,30,92,95,unusable,clean,first_trade_ts_present;first_mark_ts_present;first_index_ts_present;trades_t0_t6h_present;body_trading_time_present,first_orderbook_ts_present;first_oi_ts_present;funding_present;l2_t0_t6h_present;actual_fee_present;capacity_present,free,collect,aggTrades;bookDepth;markPriceKlines;indexPriceKlines;premiumIndexKlines;metrics;fundingRate,,bybit:futures_listing@2025-01-30T06:59,2025
WALUSDT,b9f87ac1de1e70c5257f0432,WAL,2025-03-27T15:30:00+00:00,2025-03-27T13:59:43.691000+00:00,False,False,True,False,True,False,False,False,False,False,False,False,False,True,True,False,False,30,92,95,unusable,clean,first_trade_ts_present;first_mark_ts_present;first_index_ts_present;trades_t0_t6h_present;body_trading_time_present,first_orderbook_ts_present;first_oi_ts_present;funding_present;l2_t0_t6h_present;actual_fee_present;capacity_present,free,collect,aggTrades;bookDepth;markPriceKlines;indexPriceKlines;premiumIndexKlines;metrics;fundingRate,,bybit:listing@2025-03-24T14:28,2025
ATHUSDT,43408296c17706df4a86d951,ATH,2025-04-02T15:45:00+00:00,2025-04-02T13:38:07.323000+00:00,False,False,True,False,True,False,False,False,False,False,False,False,False,True,True,False,False,30,92,95,unusable,clean,first_trade_ts_present;first_mark_ts_present;first_index_ts_present;trades_t0_t6h_present;body_trading_time_present,first_orderbook_ts_present;first_oi_ts_present;funding_present;l2_t0_t6h_present;actual_fee_present;capacity_present,free,collect,aggTrades;bookDepth;markPriceKlines;indexPriceKlines;premiumIndexKlines;metrics;fundingRate,,bybit:listing@2024-06-11T10:00,2025
BABYUSDT,21b9a77d7a9b2edd78dfed6d,BABY,2025-04-05T13:30:00+00:00,2025-04-05T10:24:51.819000+00:00,False,False,True,False,True,False,False,False,False,False,False,False,False,True,True,False,False,30,92,95,unusable,clean,first_trade_ts_present;first_mark_ts_present;first_index_ts_present;trades_t0_t6h_present;body_trading_time_present,first_orderbook_ts_present;first_oi_ts_present;funding_present;l2_t0_t6h_present;actual_fee_present;capacity_present,free,collect,aggTrades;bookDepth;markPriceKlines;premiumIndexKlines;metrics;fundingRate,indexPriceKlines,bybit:futures_listing@2025-04-03T09:47,2025
PROMPTUSDT,15c018b7135b044e02a49b73,PROMPT,2025-04-11T06:30:00+00:00,2025-04-11T04:35:16.906000+00:00,False,False,True,False,True,False,False,False,False,False,False,False,False,True,True,False,False,30,92,95,unusable,clean,first_trade_ts_present;first_mark_ts_present;first_index_ts_present;trades_t0_t6h_present;body_trading_time_present,first_orderbook_ts_present;first_oi_ts_present;funding_present;l2_t0_t6h_present;actual_fee_present;capacity_present,free,collect,aggTrades;bookDepth;markPriceKlines;indexPriceKlines;premiumIndexKlines;metrics;fundingRate,,bybit:futures_listing@2025-04-10T14:25,2025
XCNUSDT,4e5a0baaefd2c0a105b0deaf,XCN,2025-04-11T15:30:00+00:00,2025-04-11T13:15:13.517000+00:00,False,False,True,False,True,False,False,False,False,False,False,False,False,True,False,False,False,20,82,85,unusable,near_usable,first_trade_ts_present;first_mark_ts_present;first_index_ts_present;trades_t0_t6h_present;body_trading_time_present,first_orderbook_ts_present;first_oi_ts_present;funding_present;l2_t0_t6h_present;actual_fee_present;capacity_present;other_venue_existed_before,free,collect,aggTrades;bookDepth;markPriceKlines;indexPriceKlines;premiumIndexKlines;metrics;fundingRate,,,2025
INITUSDT,c1986e1b2f5a7b124976006e,INIT,2025-04-16T06:30:00+00:00,2025-04-16T03:16:03.448000+00:00,False,False,True,False,True,False,False,False,False,False,False,False,False,True,True,False,False,30,92,95,unusable,clean,first_trade_ts_present;first_mark_ts_present;first_index_ts_present;trades_t0_t6h_present;body_trading_time_present,first_orderbook_ts_present;first_oi_ts_present;funding_present;l2_t0_t6h_present;actual_fee_present;capacity_present,free,collect,aggTrades;bookDepth;markPriceKlines;premiumIndexKlines;metrics;fundingRate,indexPriceKlines,bybit:futures_listing@2025-04-14T07:30,2025
BANKUSDT,50ffc09f83fd6ca0dca09d81,BANK,2025-04-18T18:30:00+00:00,2025-04-18T17:03:43.178000+00:00,False,False,True,False,True,False,False,False,False,False,False,False,False,True,False,False,False,20,66,69,unusable,partial,first_trade_ts_present;first_mark_ts_present;first_index_ts_present;trades_t0_t6h_present;body_trading_time_present,first_orderbook_ts_present;first_oi_ts_present;funding_present;l2_t0_t6h_present;actual_fee_present;capacity_present;other_venue_existed_before,paid,collect,aggTrades;markPriceKlines;indexPriceKlines;premiumIndexKlines;metrics;fundingRate,bookDepth,,2025
DEEPUSDT,42c04e023e48f228ac3ef798,DEEP,2025-04-22T08:30:00+00:00,2025-04-22T06:51:29.224000+00:00,False,False,True,False,True,False,False,False,False,False,False,False,False,True,True,False,False,30,76,79,unusable,near_usable,first_trade_ts_present;first_mark_ts_present;first_index_ts_present;trades_t0_t6h_present;body_trading_time_present,first_orderbook_ts_present;first_oi_ts_present;funding_present;l2_t0_t6h_present;actual_fee_present;capacity_present,free,collect,aggTrades;markPriceKlines;indexPriceKlines;premiumIndexKlines;metrics;fundingRate,bookDepth,bybit:listing@2024-10-10T05:39,2025
MEMEFIUSDT,c7564458f482113c1dd5003a,MEMEFI,2025-04-25T07:15:00+00:00,2025-04-25T05:02:55.191000+00:00,False,False,True,False,True,False,False,False,False,False,False,False,False,True,True,False,False,30,76,79,unusable,near_usable,first_trade_ts_present;first_mark_ts_present;first_index_ts_present;trades_t0_t6h_present;body_trading_time_present,first_orderbook_ts_present;first_oi_ts_present;funding_present;l2_t0_t6h_present;actual_fee_present;capacity_present,free,collect,aggTrades;markPriceKlines;indexPriceKlines;premiumIndexKlines;metrics;fundingRate,bookDepth,bybit:futures_listing@2024-11-12T07:53,2025
DOLOUSDT,c72a30dd9ceee1d5a3a54cd4,DOLO,2025-05-01T03:00:00+00:00,2025-04-30T10:47:59.248000+00:00,False,False,True,False,True,False,False,False,False,False,False,False,False,True,False,False,False,20,66,69,unusable,partial,first_trade_ts_present;first_mark_ts_present;first_index_ts_present;trades_t0_t6h_present;body_trading_time_present,first_orderbook_ts_present;first_oi_ts_present;funding_present;l2_t0_t6h_present;actual_fee_present;capacity_present;other_venue_existed_before,paid,collect,aggTrades;markPriceKlines;indexPriceKlines;premiumIndexKlines;metrics;fundingRate,bookDepth,,2025
SXTUSDT,7a8d8a45af279b70fdcddf83,SXT,2025-05-02T08:30:00+00:00,2025-05-02T05:02:09.497000+00:00,False,False,True,False,True,False,False,False,False,False,False,False,False,True,False,False,False,20,66,69,unusable,partial,first_trade_ts_present;first_mark_ts_present;first_index_ts_present;trades_t0_t6h_present;body_trading_time_present,first_orderbook_ts_present;first_oi_ts_present;funding_present;l2_t0_t6h_present;actual_fee_present;capacity_present;other_venue_existed_before,paid,collect,aggTrades;markPriceKlines;premiumIndexKlines;metrics;fundingRate,bookDepth;indexPriceKlines,,2025
B2USDT,8edc2be39041ef3ca1dac762,B2,2025-05-06T13:30:00+00:00,2025-05-06T09:29:04.451000+00:00,False,False,True,False,True,False,False,False,False,False,False,False,False,True,False,False,False,20,66,69,unusable,partial,first_trade_ts_present;first_mark_ts_present;first_index_ts_present;trades_t0_t6h_present;body_trading_time_present,first_orderbook_ts_present;first_oi_ts_present;funding_present;l2_t0_t6h_present;actual_fee_present;capacity_present;other_venue_existed_before,paid,collect,aggTrades;markPriceKlines;indexPriceKlines;premiumIndexKlines;metrics;fundingRate,bookDepth,,2025
ZKJUSDT,e76d044fd3d672f736245075,ZKJ,2025-05-13T09:30:00+00:00,2025-05-13T07:34:20.623000+00:00,False,False,True,False,True,False,False,False,False,False,False,False,False,True,True,False,False,30,76,79,unusable,near_usable,first_trade_ts_present;first_mark_ts_present;first_index_ts_present;trades_t0_t6h_present;body_trading_time_present,first_orderbook_ts_present;first_oi_ts_present;funding_present;l2_t0_t6h_present;actual_fee_present;capacity_present,free,collect,aggTrades;markPriceKlines;indexPriceKlines;premiumIndexKlines;metrics;fundingRate,bookDepth,bybit:futures_listing@2024-06-17T11:36,2025
AGTUSDT,6928291d20158e0e89802202,AGT,2025-05-20T10:30:00+00:00,2025-05-20T08:14:22.110000+00:00,False,False,True,False,True,False,False,False,False,False,False,False,False,True,False,False,False,20,82,85,unusable,near_usable,first_trade_ts_present;first_mark_ts_present;first_index_ts_present;trades_t0_t6h_present;body_trading_time_present,first_orderbook_ts_present;first_oi_ts_present;funding_present;l2_t0_t6h_present;actual_fee_present;capacity_present;other_venue_existed_before,free,collect,aggTrades;bookDepth;markPriceKlines;indexPriceKlines;premiumIndexKlines;metrics;fundingRate,,,2025
BUSDT,a5e6b9745184ea43b217f98e,BUSDT,2025-05-22T16:30:00+00:00,2025-05-22T14:45:37.118000+00:00,False,False,True,False,True,False,False,False,False,False,False,False,False,True,False,False,False,20,82,85,unusable,near_usable,first_trade_ts_present;first_mark_ts_present;first_index_ts_present;trades_t0_t6h_present;body_trading_time_present,first_orderbook_ts_present;first_oi_ts_present;funding_present;l2_t0_t6h_present;actual_fee_present;capacity_present;other_venue_existed_before,free,collect,aggTrades;bookDepth;markPriceKlines;indexPriceKlines;premiumIndexKlines;metrics;fundingRate,,,2025
SOONUSDT,13940e90ab91469eb9b664f4,SOON,2025-05-23T08:30:00+00:00,2025-05-23T05:49:46.806000+00:00,False,False,True,False,True,False,False,False,False,False,False,False,False,True,False,False,False,20,82,85,unusable,near_usable,first_trade_ts_present;first_mark_ts_present;first_index_ts_present;trades_t0_t6h_present;body_trading_time_present,first_orderbook_ts_present;first_oi_ts_present;funding_present;l2_t0_t6h_present;actual_fee_present;capacity_present;other_venue_existed_before,free,collect,aggTrades;bookDepth;markPriceKlines;indexPriceKlines;premiumIndexKlines;metrics;fundingRate,,,2025
MERLUSDT,7325b4ba98bea4bbe1ca4641,MERL,2025-05-29T08:30:00+00:00,2025-05-28T10:33:50.236000+00:00,False,False,True,False,True,False,False,False,False,False,False,False,False,True,True,False,False,30,92,95,unusable,clean,first_trade_ts_present;first_mark_ts_present;first_index_ts_present;trades_t0_t6h_present;body_trading_time_present,first_orderbook_ts_present;first_oi_ts_present;funding_present;l2_t0_t6h_present;actual_fee_present;capacity_present,free,collect,aggTrades;bookDepth;markPriceKlines;indexPriceKlines;premiumIndexKlines;metrics;fundingRate,,bybit:futures_listing@2024-04-19T02:00,2025
HYPEUSDT,af59f00dfd69336d12ec1c53,HYPE,2025-05-30T10:30:00+00:00,2025-05-30T08:36:40.290000+00:00,False,False,True,False,True,False,False,False,False,False,False,False,False,True,True,False,False,30,92,95,unusable,clean,first_trade_ts_present;first_mark_ts_present;first_index_ts_present;trades_t0_t6h_present;body_trading_time_present,first_orderbook_ts_present;first_oi_ts_present;funding_present;l2_t0_t6h_present;actual_fee_present;capacity_present,free,collect,aggTrades;bookDepth;markPriceKlines;indexPriceKlines;premiumIndexKlines;metrics;fundingRate,,bybit:futures_listing@2024-12-04T11:25,2025
PUFFERUSDT,08023a4da5978961cbb0404e,PUFFER,2025-06-04T08:30:00+00:00,2025-06-03T09:14:36.886000+00:00,False,False,True,False,True,False,False,False,False,False,False,False,False,True,True,False,False,30,92,95,unusable,clean,first_trade_ts_present;first_mark_ts_present;first_index_ts_present;trades_t0_t6h_present;body_trading_time_present,first_orderbook_ts_present;first_oi_ts_present;funding_present;l2_t0_t6h_present;actual_fee_present;capacity_present,free,collect,aggTrades;bookDepth;markPriceKlines;indexPriceKlines;premiumIndexKlines;metrics;fundingRate,,bybit:futures_listing@2024-10-14T13:11,2025
1000000BOBUSDT,f0fcaaf1a618875ba94d873f,1000000BOB,2025-06-05T08:30:00+00:00,2025-06-04T10:47:44.967000+00:00,False,False,True,False,True,False,False,False,False,False,False,False,False,True,False,False,False,20,82,85,unusable,near_usable,first_trade_ts_present;first_mark_ts_present;first_index_ts_present;trades_t0_t6h_present;body_trading_time_present,first_orderbook_ts_present;first_oi_ts_present;funding_present;l2_t0_t6h_present;actual_fee_present;capacity_present;other_venue_existed_before,free,collect,aggTrades;bookDepth;markPriceKlines;indexPriceKlines;premiumIndexKlines;metrics;fundingRate,,,2025
LAUSDT,67e2964924cdb0798db5f65b,LA,2025-06-05T09:00:00+00:00,2025-06-05T06:06:29.514000+00:00,False,False,True,False,True,False,False,False,False,False,False,False,False,True,True,False,False,30,92,95,unusable,clean,first_trade_ts_present;first_mark_ts_present;first_index_ts_present;trades_t0_t6h_present;body_trading_time_present,first_orderbook_ts_present;first_oi_ts_present;funding_present;l2_t0_t6h_present;actual_fee_present;capacity_present,free,collect,aggTrades;bookDepth;markPriceKlines;indexPriceKlines;premiumIndexKlines;metrics;fundingRate,,bybit:futures_listing@2025-06-05T06:02,2025
TAIKOUSDT,46bb94c3367a45d68af8fa6c,TAIKO,2025-06-11T12:30:00+00:00,2025-06-11T10:15:20.919000+00:00,False,False,True,False,True,False,False,False,False,False,False,False,False,True,True,False,False,30,92,95,unusable,clean,first_trade_ts_present;first_mark_ts_present;first_index_ts_present;trades_t0_t6h_present;body_trading_time_present,first_orderbook_ts_present;first_oi_ts_present;funding_present;l2_t0_t6h_present;actual_fee_present;capacity_present,free,collect,aggTrades;bookDepth;markPriceKlines;indexPriceKlines;premiumIndexKlines;metrics;fundingRate,,bybit:listing@2024-05-29T10:00,2025
MYXUSDT,8bd8e43b5c14441cddf6f1c6,MYX,2025-06-18T12:30:00+00:00,2025-06-18T09:51:01.749000+00:00,False,False,True,False,True,False,False,False,False,False,False,False,False,True,False,False,False,20,82,85,unusable,near_usable,first_trade_ts_present;first_mark_ts_present;first_index_ts_present;trades_t0_t6h_present;body_trading_time_present,first_orderbook_ts_present;first_oi_ts_present;funding_present;l2_t0_t6h_present;actual_fee_present;capacity_present;other_venue_existed_before,free,collect,aggTrades;bookDepth;markPriceKlines;indexPriceKlines;premiumIndexKlines;metrics;fundingRate,,,2025
NEWTUSDT,f7b0c338e560be7ce661550d,NEWT,2025-06-19T14:30:00+00:00,2025-06-19T11:01:36.672000+00:00,False,False,True,False,True,False,False,False,False,False,False,False,False,True,False,False,False,20,82,85,unusable,near_usable,first_trade_ts_present;first_mark_ts_present;first_index_ts_present;trades_t0_t6h_present;body_trading_time_present,first_orderbook_ts_present;first_oi_ts_present;funding_present;l2_t0_t6h_present;actual_fee_present;capacity_present;other_venue_existed_before,free,collect,aggTrades;bookDepth;markPriceKlines;premiumIndexKlines;metrics;fundingRate,indexPriceKlines,,2025
OLUSDT,328be11039a0daaa62c9402d,OL,2025-06-25T11:30:00+00:00,2025-06-25T09:30:41.537000+00:00,False,False,True,False,True,False,False,False,False,False,False,False,False,True,True,False,False,30,92,95,unusable,clean,first_trade_ts_present;first_mark_ts_present;first_index_ts_present;trades_t0_t6h_present;body_trading_time_present,first_orderbook_ts_present;first_oi_ts_present;funding_present;l2_t0_t6h_present;actual_fee_present;capacity_present,free,collect,aggTrades;bookDepth;markPriceKlines;indexPriceKlines;premiumIndexKlines;metrics;fundingRate,,bybit:listing@2024-11-18T05:21,2025
BULLAUSDT,082d13846fce53f88460dd42,BULLA,2025-07-04T09:00:00+00:00,2025-07-04T07:11:27.864000+00:00,False,False,True,False,True,False,False,False,False,False,False,False,False,True,False,False,False,20,82,85,unusable,near_usable,first_trade_ts_present;first_mark_ts_present;first_index_ts_present;trades_t0_t6h_present;body_trading_time_present,first_orderbook_ts_present;first_oi_ts_present;funding_present;l2_t0_t6h_present;actual_fee_present;capacity_present;other_venue_existed_before,free,collect,aggTrades;bookDepth;markPriceKlines;indexPriceKlines;premiumIndexKlines;metrics;fundingRate,,,2025
MUSDT,8e2b353b5b359cd0f03050b7,MUSDT,2025-07-07T09:30:00+00:00,2025-07-07T07:30:13.952000+00:00,False,False,True,False,True,False,False,False,False,False,False,False,False,True,False,False,False,20,82,85,unusable,near_usable,first_trade_ts_present;first_mark_ts_present;first_index_ts_present;trades_t0_t6h_present;body_trading_time_present,first_orderbook_ts_present;first_oi_ts_present;funding_present;l2_t0_t6h_present;actual_fee_present;capacity_present;other_venue_existed_before,free,collect,aggTrades;bookDepth;markPriceKlines;indexPriceKlines;premiumIndexKlines;metrics;fundingRate,,,2025
CROSSUSDT,e1946a92d433af36002d432b,CROSS,2025-07-10T10:30:00+00:00,2025-07-10T07:18:06.205000+00:00,False,False,True,False,True,False,False,False,False,False,False,False,False,True,False,False,False,20,82,85,unusable,near_usable,first_trade_ts_present;first_mark_ts_present;first_index_ts_present;trades_t0_t6h_present;body_trading_time_present,first_orderbook_ts_present;first_oi_ts_present;funding_present;l2_t0_t6h_present;actual_fee_present;capacity_present;other_venue_existed_before,free,collect,aggTrades;bookDepth;markPriceKlines;indexPriceKlines;premiumIndexKlines;metrics;fundingRate,,,2025
VELVETUSDT,9fd6bbd5031f385d60646936,VELVET,2025-07-15T09:15:00+00:00,2025-07-15T06:42:17.837000+00:00,False,False,True,False,True,False,False,False,False,False,False,False,False,True,False,False,False,20,82,85,unusable,near_usable,first_trade_ts_present;first_mark_ts_present;first_index_ts_present;trades_t0_t6h_present;body_trading_time_present,first_orderbook_ts_present;first_oi_ts_present;funding_present;l2_t0_t6h_present;actual_fee_present;capacity_present;other_venue_existed_before,free,collect,aggTrades;bookDepth;markPriceKlines;indexPriceKlines;premiumIndexKlines;metrics;fundingRate,,,2025
ZORAUSDT,d6e5c362b920f0f1eeebe797,ZORA,2025-07-25T11:00:00+00:00,2025-07-25T09:45:38.982000+00:00,False,False,True,False,True,False,False,False,False,False,False,False,False,True,True,False,False,30,92,95,unusable,clean,first_trade_ts_present;first_mark_ts_present;first_index_ts_present;trades_t0_t6h_present;body_trading_time_present,first_orderbook_ts_present;first_oi_ts_present;funding_present;l2_t0_t6h_present;actual_fee_present;capacity_present,free,collect,aggTrades;bookDepth;markPriceKlines;indexPriceKlines;premiumIndexKlines;metrics;fundingRate,,bybit:futures_listing@2025-04-25T11:04,2025
ZRCUSDT,53d80c0d3c0486a54c69473e,ZRC,2025-07-29T09:45:00+00:00,2025-07-29T07:46:40.881000+00:00,False,False,True,False,True,False,False,False,False,False,False,False,False,True,True,False,False,30,92,95,unusable,clean,first_trade_ts_present;first_mark_ts_present;first_index_ts_present;trades_t0_t6h_present;body_trading_time_present,first_orderbook_ts_present;first_oi_ts_present;funding_present;l2_t0_t6h_present;actual_fee_present;capacity_present,free,collect,aggTrades;bookDepth;markPriceKlines;indexPriceKlines;premiumIndexKlines;metrics;fundingRate,,bybit:listing@2024-11-22T05:45,2025
YALAUSDT,6cc0825d4097ef67aec30426,YALA,2025-08-07T16:30:00+00:00,2025-08-07T14:57:10.733000+00:00,False,False,True,False,True,False,False,False,False,False,False,False,False,True,False,False,False,20,82,85,unusable,near_usable,first_trade_ts_present;first_mark_ts_present;first_index_ts_present;trades_t0_t6h_present;body_trading_time_present,first_orderbook_ts_present;first_oi_ts_present;funding_present;l2_t0_t6h_present;actual_fee_present;capacity_present;other_venue_existed_before,free,collect,aggTrades;bookDepth;markPriceKlines;indexPriceKlines;premiumIndexKlines;metrics;fundingRate,,,2025
AIOUSDT,d434dc6ba47a473e1c50859d,AIO,2025-08-13T11:30:00+00:00,2025-08-13T09:40:48.874000+00:00,False,False,True,False,True,False,False,False,False,False,False,False,False,True,False,False,False,20,82,85,unusable,near_usable,first_trade_ts_present;first_mark_ts_present;first_index_ts_present;trades_t0_t6h_present;body_trading_time_present,first_orderbook_ts_present;first_oi_ts_present;funding_present;l2_t0_t6h_present;actual_fee_present;capacity_present;other_venue_existed_before,free,collect,aggTrades;bookDepth;markPriceKlines;indexPriceKlines;premiumIndexKlines;metrics;fundingRate,,,2025
USELESSUSDT,eb9dec0bc5cac2d2255f22ad,USELESS,2025-08-15T12:15:00+00:00,2025-08-15T10:46:53.989000+00:00,False,False,True,False,True,False,False,False,False,False,False,False,False,True,True,False,False,30,92,95,unusable,clean,first_trade_ts_present;first_mark_ts_present;first_index_ts_present;trades_t0_t6h_present;body_trading_time_present,first_orderbook_ts_present;first_oi_ts_present;funding_present;l2_t0_t6h_present;actual_fee_present;capacity_present,free,collect,aggTrades;bookDepth;markPriceKlines;indexPriceKlines;premiumIndexKlines;metrics;fundingRate,,bybit:futures_listing@2025-07-10T11:26,2025
CUDISUSDT,3ab4b81b6217c55a265126f3,CUDIS,2025-08-20T11:15:00+00:00,2025-08-20T09:48:17.734000+00:00,False,False,True,False,True,False,False,False,False,False,False,False,False,True,True,False,False,30,92,95,unusable,clean,first_trade_ts_present;first_mark_ts_present;first_index_ts_present;trades_t0_t6h_present;body_trading_time_present,first_orderbook_ts_present;first_oi_ts_present;funding_present;l2_t0_t6h_present;actual_fee_present;capacity_present,free,collect,aggTrades;bookDepth;markPriceKlines;indexPriceKlines;premiumIndexKlines;metrics;fundingRate,,bybit:futures_listing@2025-06-12T08:47,2025
XPLUSDT,ad7fac75381979219a635a4c,XPL,2025-08-22T09:30:00+00:00,2025-08-22T08:30:03.071000+00:00,False,False,True,False,True,False,False,False,False,False,False,False,False,True,False,False,False,20,82,85,unusable,near_usable,first_trade_ts_present;first_mark_ts_present;first_index_ts_present;trades_t0_t6h_present;body_trading_time_present,first_orderbook_ts_present;first_oi_ts_present;funding_present;l2_t0_t6h_present;actual_fee_present;capacity_present;other_venue_existed_before,free,collect,aggTrades;bookDepth;markPriceKlines;premiumIndexKlines;metrics;fundingRate,indexPriceKlines,,2025
SOMIUSDT,248014c02180967fd21952b9,SOMI,2025-08-25T09:30:00+00:00,2025-08-25T09:15:19.791000+00:00,False,False,True,False,True,False,False,False,False,False,False,False,False,True,False,False,False,20,82,85,unusable,near_usable,first_trade_ts_present;first_mark_ts_present;first_index_ts_present;trades_t0_t6h_present;body_trading_time_present,first_orderbook_ts_present;first_oi_ts_present;funding_present;l2_t0_t6h_present;actual_fee_present;capacity_present;other_venue_existed_before,free,collect,aggTrades;bookDepth;markPriceKlines;premiumIndexKlines;metrics;fundingRate,indexPriceKlines,,2025
BASUSDT,35baa8d370bba89af695913f,BAS,2025-08-26T13:30:00+00:00,2025-08-26T12:12:49.262000+00:00,False,False,True,False,True,False,False,False,False,False,False,False,False,True,False,False,False,20,82,85,unusable,near_usable,first_trade_ts_present;first_mark_ts_present;first_index_ts_present;trades_t0_t6h_present;body_trading_time_present,first_orderbook_ts_present;first_oi_ts_present;funding_present;l2_t0_t6h_present;actual_fee_present;capacity_present;other_venue_existed_before,free,collect,aggTrades;bookDepth;markPriceKlines;indexPriceKlines;premiumIndexKlines;metrics;fundingRate,,,2025
LINEAUSDT,87d2cc62a3d3cc1511a49aa7,LINEA,2025-09-01T08:30:00+00:00,2025-09-01T08:15:03.712000+00:00,False,False,True,False,True,False,False,False,False,False,False,False,False,True,False,False,False,20,82,85,unusable,near_usable,first_trade_ts_present;first_mark_ts_present;first_index_ts_present;trades_t0_t6h_present;body_trading_time_present,first_orderbook_ts_present;first_oi_ts_present;funding_present;l2_t0_t6h_present;actual_fee_present;capacity_present;other_venue_existed_before,free,collect,aggTrades;bookDepth;markPriceKlines;premiumIndexKlines;metrics;fundingRate,indexPriceKlines,,2025
ARIAUSDT,0e15ffddde62fa7a295cbb6d,ARIA,2025-09-03T11:00:00+00:00,2025-09-03T09:49:50.539000+00:00,False,False,True,False,True,False,False,False,False,False,False,False,False,True,False,False,False,20,82,85,unusable,near_usable,first_trade_ts_present;first_mark_ts_present;first_index_ts_present;trades_t0_t6h_present;body_trading_time_present,first_orderbook_ts_present;first_oi_ts_present;funding_present;l2_t0_t6h_present;actual_fee_present;capacity_present;other_venue_existed_before,free,collect,aggTrades;bookDepth;markPriceKlines;indexPriceKlines;premiumIndexKlines;metrics;fundingRate,,,2025
FLOCKUSDT,4a229f7de4c92b2cf15eae11,FLOCK,2025-09-09T06:48:00+00:00,2025-09-09T05:28:37.523000+00:00,False,False,True,False,True,False,False,False,False,False,False,False,False,True,True,False,False,30,92,95,unusable,clean,first_trade_ts_present;first_mark_ts_present;first_index_ts_present;trades_t0_t6h_present;body_trading_time_present,first_orderbook_ts_present;first_oi_ts_present;funding_present;l2_t0_t6h_present;actual_fee_present;capacity_present,free,collect,aggTrades;bookDepth;markPriceKlines;indexPriceKlines;premiumIndexKlines;metrics;fundingRate,,bybit:futures_listing@2025-01-09T08:00,2025
XPINUSDT,1e02599c7e7dff4bc7bae2db,XPIN,2025-09-12T08:00:00+00:00,2025-09-12T06:50:54.421000+00:00,False,False,True,False,True,False,False,False,False,False,False,False,False,True,False,False,False,20,82,85,unusable,near_usable,first_trade_ts_present;first_mark_ts_present;first_index_ts_present;trades_t0_t6h_present;body_trading_time_present,first_orderbook_ts_present;first_oi_ts_present;funding_present;l2_t0_t6h_present;actual_fee_present;capacity_present;other_venue_existed_before,free,collect,aggTrades;bookDepth;markPriceKlines;indexPriceKlines;premiumIndexKlines;metrics;fundingRate,,,2025
TOSHIUSDT,7e52b13d33a0a106da32a993,TOSHI,2025-09-17T05:30:00+00:00,2025-09-17T03:44:48.953000+00:00,False,False,True,False,True,False,False,False,False,False,False,False,False,True,True,False,False,30,92,95,unusable,clean,first_trade_ts_present;first_mark_ts_present;first_index_ts_present;trades_t0_t6h_present;body_trading_time_present,first_orderbook_ts_present;first_oi_ts_present;funding_present;l2_t0_t6h_present;actual_fee_present;capacity_present,free,collect,aggTrades;bookDepth;markPriceKlines;indexPriceKlines;premiumIndexKlines;metrics;fundingRate,,bybit:listing@2025-01-07T05:54,2025
0GUSDT,85a8379a95e4b088606b6ca3,0G,2025-09-17T15:45:00+00:00,2025-09-17T15:30:35.501000+00:00,False,False,True,False,True,False,False,False,False,False,False,False,False,True,False,False,False,20,82,85,unusable,near_usable,first_trade_ts_present;first_mark_ts_present;first_index_ts_present;trades_t0_t6h_present;body_trading_time_present,first_orderbook_ts_present;first_oi_ts_present;funding_present;l2_t0_t6h_present;actual_fee_present;capacity_present;other_venue_existed_before,free,collect,aggTrades;bookDepth;markPriceKlines;premiumIndexKlines;metrics;fundingRate,indexPriceKlines,,2025
ASTERUSDT,354d589ae37b402ecc4e73f7,ASTER,2025-09-19T12:00:00+00:00,2025-09-19T10:57:55.276000+00:00,False,False,True,False,True,False,False,False,False,False,False,False,False,True,True,False,False,30,92,95,unusable,clean,first_trade_ts_present;first_mark_ts_present;first_index_ts_present;trades_t0_t6h_present;body_trading_time_present,first_orderbook_ts_present;first_oi_ts_present;funding_present;l2_t0_t6h_present;actual_fee_present;capacity_present,free,collect,aggTrades;bookDepth;markPriceKlines;indexPriceKlines;premiumIndexKlines;metrics;fundingRate,,bybit:futures_listing@2025-09-19T07:54,2025
FLUIDUSDT,c0f0baa61eef4a5603702a44,FLUID,2025-09-24T10:15:00+00:00,2025-09-24T09:25:25.637000+00:00,False,False,True,False,True,False,False,False,False,False,False,False,False,True,True,False,False,30,92,95,unusable,clean,first_trade_ts_present;first_mark_ts_present;first_index_ts_present;trades_t0_t6h_present;body_trading_time_present,first_orderbook_ts_present;first_oi_ts_present;funding_present;l2_t0_t6h_present;actual_fee_present;capacity_present,free,collect,aggTrades;bookDepth;markPriceKlines;indexPriceKlines;premiumIndexKlines;metrics;fundingRate,,bybit:listing@2024-12-17T14:40,2025
AKEUSDT,ccb44efc1570ecea59ac4e78,AKE,2025-09-26T12:30:00+00:00,2025-09-26T09:46:35.519000+00:00,False,False,True,False,True,False,False,False,False,False,False,False,False,True,False,False,False,20,82,85,unusable,near_usable,first_trade_ts_present;first_mark_ts_present;first_index_ts_present;trades_t0_t6h_present;body_trading_time_present,first_orderbook_ts_present;first_oi_ts_present;funding_present;l2_t0_t6h_present;actual_fee_present;capacity_present;other_venue_existed_before,free,collect,aggTrades;bookDepth;markPriceKlines;indexPriceKlines;premiumIndexKlines;metrics;fundingRate,,,2025
4USDT,b5f18715adc950cb700816f1,4USDT,2025-10-08T11:30:00+00:00,2025-10-08T10:01:16.881000+00:00,False,False,True,False,True,False,False,False,False,False,False,False,False,True,False,False,False,20,82,85,unusable,near_usable,first_trade_ts_present;first_mark_ts_present;first_index_ts_present;trades_t0_t6h_present;body_trading_time_present,first_orderbook_ts_present;first_oi_ts_present;funding_present;l2_t0_t6h_present;actual_fee_present;capacity_present;other_venue_existed_before,free,collect,aggTrades;bookDepth;markPriceKlines;indexPriceKlines;premiumIndexKlines;metrics;fundingRate,,,2025
GIGGLEUSDT,c08091058dd948d22d55c054,GIGGLE,2025-10-09T09:45:00+00:00,2025-10-09T08:23:03.522000+00:00,False,False,True,False,True,False,False,False,False,False,False,False,False,True,False,False,False,20,82,85,unusable,near_usable,first_trade_ts_present;first_mark_ts_present;first_index_ts_present;trades_t0_t6h_present;body_trading_time_present,first_orderbook_ts_present;first_oi_ts_present;funding_present;l2_t0_t6h_present;actual_fee_present;capacity_present;other_venue_existed_before,free,collect,aggTrades;bookDepth;markPriceKlines;indexPriceKlines;premiumIndexKlines;metrics;fundingRate,,,2025
MONUSDT,0dc977ad3cfa07b0ca5cb79a,MON,2025-10-10T07:17:00+00:00,2025-10-10T06:45:01.747000+00:00,False,False,True,False,True,False,False,False,False,False,False,False,False,True,True,False,False,30,92,95,unusable,clean,first_trade_ts_present;first_mark_ts_present;first_index_ts_present;trades_t0_t6h_present;body_trading_time_present,first_orderbook_ts_present;first_oi_ts_present;funding_present;l2_t0_t6h_present;actual_fee_present;capacity_present,free,collect,aggTrades;bookDepth;markPriceKlines;premiumIndexKlines;metrics;fundingRate,indexPriceKlines,bybit:listing@2024-05-24T10:00,2025
YBUSDT,fc7c14a24b9efda762f5ebe6,YB,2025-10-10T14:45:00+00:00,2025-10-10T14:30:09.813000+00:00,False,False,True,False,True,False,False,False,False,False,False,False,False,True,False,False,False,20,82,85,unusable,near_usable,first_trade_ts_present;first_mark_ts_present;first_index_ts_present;trades_t0_t6h_present;body_trading_time_present,first_orderbook_ts_present;first_oi_ts_present;funding_present;l2_t0_t6h_present;actual_fee_present;capacity_present;other_venue_existed_before,free,collect,aggTrades;bookDepth;markPriceKlines;premiumIndexKlines;metrics;fundingRate,indexPriceKlines,,2025
METUSDT,373ad2eaf2fe234af0752a45,MET,2025-10-11T12:30:00+00:00,2025-10-11T12:02:13.382000+00:00,False,False,True,False,True,False,False,False,False,False,False,False,False,True,True,False,False,30,92,95,unusable,clean,first_trade_ts_present;first_mark_ts_present;first_index_ts_present;trades_t0_t6h_present;body_trading_time_present,first_orderbook_ts_present;first_oi_ts_present;funding_present;l2_t0_t6h_present;actual_fee_present;capacity_present,free,collect,aggTrades;bookDepth;markPriceKlines;premiumIndexKlines;metrics;fundingRate,indexPriceKlines,bybit:futures_listing@2025-10-10T10:02,2025
LABUSDT,cd6794154b527f204b81a81c,LAB,2025-10-17T14:30:00+00:00,2025-10-17T12:58:48.360000+00:00,False,False,True,False,True,False,False,False,False,False,False,False,False,True,False,False,False,20,82,85,unusable,near_usable,first_trade_ts_present;first_mark_ts_present;first_index_ts_present;trades_t0_t6h_present;body_trading_time_present,first_orderbook_ts_present;first_oi_ts_present;funding_present;l2_t0_t6h_present;actual_fee_present;capacity_present;other_venue_existed_before,free,collect,aggTrades;bookDepth;markPriceKlines;indexPriceKlines;premiumIndexKlines;metrics;fundingRate,,,2025
ATUSDT,a1d2ccd3fc62843b613f65d4,AT,2025-10-29T11:30:00+00:00,2025-10-29T09:36:15.831000+00:00,False,False,True,False,True,False,False,False,False,False,False,False,False,True,False,False,False,20,82,85,unusable,near_usable,first_trade_ts_present;first_mark_ts_present;first_index_ts_present;trades_t0_t6h_present;body_trading_time_present,first_orderbook_ts_present;first_oi_ts_present;funding_present;l2_t0_t6h_present;actual_fee_present;capacity_present;other_venue_existed_before,free,collect,aggTrades;bookDepth;markPriceKlines;indexPriceKlines;premiumIndexKlines;metrics;fundingRate,,,2025
KITEUSDT,836da07cfc7720b44b314d9b,KITE,2025-10-29T10:30:00+00:00,2025-10-29T10:14:28.323000+00:00,False,False,True,False,True,False,False,False,False,False,False,False,False,True,False,False,False,20,82,85,unusable,near_usable,first_trade_ts_present;first_mark_ts_present;first_index_ts_present;trades_t0_t6h_present;body_trading_time_present,first_orderbook_ts_present;first_oi_ts_present;funding_present;l2_t0_t6h_present;actual_fee_present;capacity_present;other_venue_existed_before,free,collect,aggTrades;bookDepth;markPriceKlines;premiumIndexKlines;metrics;fundingRate,indexPriceKlines,,2025
CCUSDT,8943396b63414fd5204926ea,CC,2025-10-31T12:00:00+00:00,2025-10-31T11:45:03.896000+00:00,False,False,True,False,True,False,False,False,False,False,False,False,False,True,False,False,False,20,82,85,unusable,near_usable,first_trade_ts_present;first_mark_ts_present;first_index_ts_present;trades_t0_t6h_present;body_trading_time_present,first_orderbook_ts_present;first_oi_ts_present;funding_present;l2_t0_t6h_present;actual_fee_present;capacity_present;other_venue_existed_before,free,collect,aggTrades;bookDepth;markPriceKlines;premiumIndexKlines;metrics;fundingRate,indexPriceKlines,,2025
STABLEUSDT,ff2c05cb1e517e68b481697b,STABLE,2025-11-06T12:00:00+00:00,2025-11-06T11:44:34.151000+00:00,False,False,True,False,True,False,False,False,False,False,False,False,False,True,False,False,False,20,82,85,unusable,near_usable,first_trade_ts_present;first_mark_ts_present;first_index_ts_present;trades_t0_t6h_present;body_trading_time_present,first_orderbook_ts_present;first_oi_ts_present;funding_present;l2_t0_t6h_present;actual_fee_present;capacity_present;other_venue_existed_before,free,collect,aggTrades;bookDepth;markPriceKlines;premiumIndexKlines;metrics;fundingRate,indexPriceKlines,,2025
CLANKERUSDT,28bdb9c69e08176d20be77eb,CLANKER,2025-11-12T12:00:00+00:00,2025-11-12T10:15:39.520000+00:00,False,False,True,False,True,False,False,False,False,False,False,False,False,True,True,False,False,30,92,95,unusable,clean,first_trade_ts_present;first_mark_ts_present;first_index_ts_present;trades_t0_t6h_present;body_trading_time_present,first_orderbook_ts_present;first_oi_ts_present;funding_present;l2_t0_t6h_present;actual_fee_present;capacity_present,free,collect,aggTrades;bookDepth;markPriceKlines;indexPriceKlines;premiumIndexKlines;metrics;fundingRate,,bybit:futures_listing@2025-04-28T10:50,2025
SENTUSDT,02db53cfca1b429e8af53a04,SENT,2025-11-14T12:45:00+00:00,2025-11-14T12:30:09.013000+00:00,False,False,True,False,True,False,False,False,False,False,False,False,False,True,False,False,False,20,82,85,unusable,near_usable,first_trade_ts_present;first_mark_ts_present;first_index_ts_present;trades_t0_t6h_present;body_trading_time_present,first_orderbook_ts_present;first_oi_ts_present;funding_present;l2_t0_t6h_present;actual_fee_present;capacity_present;other_venue_existed_before,free,collect,aggTrades;bookDepth;markPriceKlines;premiumIndexKlines;metrics;fundingRate,indexPriceKlines,,2025
BOBUSDT,362be738f0907a9bd73fb3ac,BOB,2025-11-21T10:45:00+00:00,2025-11-21T09:28:51.171000+00:00,False,False,True,False,True,False,False,False,False,False,False,False,False,True,True,False,False,30,92,95,unusable,clean,first_trade_ts_present;first_mark_ts_present;first_index_ts_present;trades_t0_t6h_present;body_trading_time_present,first_orderbook_ts_present;first_oi_ts_present;funding_present;l2_t0_t6h_present;actual_fee_present;capacity_present,free,collect,aggTrades;bookDepth;markPriceKlines;indexPriceKlines;premiumIndexKlines;metrics;fundingRate,,bybit:listing@2023-05-12T09:20,2025
IRYSUSDT,16eae9c262c564b7f77e1c46,IRYS,2025-11-26T16:00:00+00:00,2025-11-26T14:43:56.086000+00:00,False,False,True,False,True,False,False,False,False,False,False,False,False,True,False,False,False,20,82,85,unusable,near_usable,first_trade_ts_present;first_mark_ts_present;first_index_ts_present;trades_t0_t6h_present;body_trading_time_present,first_orderbook_ts_present;first_oi_ts_present;funding_present;l2_t0_t6h_present;actual_fee_present;capacity_present;other_venue_existed_before,free,collect,aggTrades;bookDepth;markPriceKlines;indexPriceKlines;premiumIndexKlines;metrics;fundingRate,,,2025
RLSUSDT,1450c463b79e24c601a172ff,RLS,2025-12-02T10:00:00+00:00,2025-12-02T08:43:20.303000+00:00,False,False,True,False,True,False,False,False,False,False,False,False,False,True,False,False,False,20,82,85,unusable,near_usable,first_trade_ts_present;first_mark_ts_present;first_index_ts_present;trades_t0_t6h_present;body_trading_time_present,first_orderbook_ts_present;first_oi_ts_present;funding_present;l2_t0_t6h_present;actual_fee_present;capacity_present;other_venue_existed_before,free,collect,aggTrades;bookDepth;markPriceKlines;indexPriceKlines;premiumIndexKlines;metrics;fundingRate,,,2025
POWERUSDT,c9fd590ebdf9b49aef7a4c3c,POWER,2025-12-06T09:00:00+00:00,2025-12-06T07:40:14.266000+00:00,False,False,True,False,True,False,False,False,False,False,False,False,False,True,False,False,False,20,82,85,unusable,near_usable,first_trade_ts_present;first_mark_ts_present;first_index_ts_present;trades_t0_t6h_present;body_trading_time_present,first_orderbook_ts_present;first_oi_ts_present;funding_present;l2_t0_t6h_present;actual_fee_present;capacity_present;other_venue_existed_before,free,collect,aggTrades;bookDepth;markPriceKlines;indexPriceKlines;premiumIndexKlines;metrics;fundingRate,,,2025
WETUSDT,a24c655fa10e4404e78232ae,WET,2025-12-10T07:00:00+00:00,2025-12-10T05:45:14.302000+00:00,False,False,True,False,True,False,False,False,False,False,False,False,False,True,True,False,False,30,92,95,unusable,clean,first_trade_ts_present;first_mark_ts_present;first_index_ts_present;trades_t0_t6h_present;body_trading_time_present,first_orderbook_ts_present;first_oi_ts_present;funding_present;l2_t0_t6h_present;actual_fee_present;capacity_present,free,collect,aggTrades;bookDepth;markPriceKlines;indexPriceKlines;premiumIndexKlines;metrics;fundingRate,,bybit:futures_listing@2025-12-04T11:05,2025
NIGHTUSDT,b6bf7597d3931b0f488abc54,NIGHT,2025-12-10T11:00:00+00:00,2025-12-10T09:44:29.769000+00:00,False,False,True,False,True,False,False,False,False,False,False,False,False,True,True,False,False,30,92,95,unusable,clean,first_trade_ts_present;first_mark_ts_present;first_index_ts_present;trades_t0_t6h_present;body_trading_time_present,first_orderbook_ts_present;first_oi_ts_present;funding_present;l2_t0_t6h_present;actual_fee_present;capacity_present,free,collect,aggTrades;bookDepth;markPriceKlines;indexPriceKlines;premiumIndexKlines;metrics;fundingRate,,bybit:futures_listing@2025-12-09T11:12,2025
USUSDT,3277a7bb4fc7bf6a8a7c77f4,US,2025-12-12T10:45:00+00:00,2025-12-12T09:17:28.292000+00:00,False,False,True,False,True,False,False,False,False,False,False,False,False,True,False,False,False,20,82,85,unusable,near_usable,first_trade_ts_present;first_mark_ts_present;first_index_ts_present;trades_t0_t6h_present;body_trading_time_present,first_orderbook_ts_present;first_oi_ts_present;funding_present;l2_t0_t6h_present;actual_fee_present;capacity_present;other_venue_existed_before,free,collect,aggTrades;bookDepth;markPriceKlines;indexPriceKlines;premiumIndexKlines;metrics;fundingRate,,,2025
RAVEUSDT,41ae58dd0b0e0e0417f6e585,RAVE,2025-12-14T15:30:00+00:00,2025-12-14T14:18:09.439000+00:00,False,False,True,False,True,False,False,False,False,False,False,False,False,True,False,False,False,20,82,85,unusable,near_usable,first_trade_ts_present;first_mark_ts_present;first_index_ts_present;trades_t0_t6h_present;body_trading_time_present,first_orderbook_ts_present;first_oi_ts_present;funding_present;l2_t0_t6h_present;actual_fee_present;capacity_present;other_venue_existed_before,free,collect,aggTrades;bookDepth;markPriceKlines;indexPriceKlines;premiumIndexKlines;metrics;fundingRate,,,2025
GUAUSDT,d36f75c5038388444182fb27,GUA,2025-12-21T10:15:00+00:00,2025-12-21T08:33:27.340000+00:00,False,False,True,False,True,False,False,False,False,False,False,False,False,True,False,False,False,20,82,85,unusable,near_usable,first_trade_ts_present;first_mark_ts_present;first_index_ts_present;trades_t0_t6h_present;body_trading_time_present,first_orderbook_ts_present;first_oi_ts_present;funding_present;l2_t0_t6h_present;actual_fee_present;capacity_present;other_venue_existed_before,free,collect,aggTrades;bookDepth;markPriceKlines;indexPriceKlines;premiumIndexKlines;metrics;fundingRate,,,2025
LITUSDT,0c7145de6321e6291d22c352,LIT,2025-12-23T17:30:00+00:00,2025-12-23T13:53:35.803000+00:00,False,False,True,False,True,False,False,False,False,False,False,False,False,True,False,False,False,20,82,85,unusable,near_usable,first_trade_ts_present;first_mark_ts_present;first_index_ts_present;trades_t0_t6h_present;body_trading_time_present,first_orderbook_ts_present;first_oi_ts_present;funding_present;l2_t0_t6h_present;actual_fee_present;capacity_present;other_venue_existed_before,free,collect,aggTrades;bookDepth;markPriceKlines;premiumIndexKlines;metrics;fundingRate,indexPriceKlines,,2025
BREVUSDT,3be3d929d343489f969e5605,BREV,2025-12-30T10:45:00+00:00,2025-12-30T10:30:09.767000+00:00,False,False,True,False,True,False,False,False,False,False,False,False,False,True,False,False,False,20,82,85,unusable,near_usable,first_trade_ts_present;first_mark_ts_present;first_index_ts_present;trades_t0_t6h_present;body_trading_time_present,first_orderbook_ts_present;first_oi_ts_present;funding_present;l2_t0_t6h_present;actual_fee_present;capacity_present;other_venue_existed_before,free,collect,aggTrades;bookDepth;markPriceKlines;premiumIndexKlines;metrics;fundingRate,indexPriceKlines,,2025
COLLECTUSDT,b10b4d2e924f842ca4c3d42f,COLLECT,2025-12-31T13:15:00+00:00,2025-12-31T11:45:10.384000+00:00,False,False,True,False,True,False,False,False,False,False,False,False,False,True,False,False,False,20,82,85,unusable,near_usable,first_trade_ts_present;first_mark_ts_present;first_index_ts_present;trades_t0_t6h_present;body_trading_time_present,first_orderbook_ts_present;first_oi_ts_present;funding_present;l2_t0_t6h_present;actual_fee_present;capacity_present;other_venue_existed_before,free,collect,aggTrades;bookDepth;markPriceKlines;indexPriceKlines;premiumIndexKlines;metrics;fundingRate,,,2025
XAGUSDT,518fadb11e8948d1644b8898,XAG,2026-01-07T10:00:00+00:00,2026-01-07T07:00:49.961000+00:00,False,False,True,False,True,False,False,False,False,False,False,False,False,True,False,False,False,20,82,85,unusable,near_usable,first_trade_ts_present;first_mark_ts_present;first_index_ts_present;trades_t0_t6h_present;body_trading_time_present,first_orderbook_ts_present;first_oi_ts_present;funding_present;l2_t0_t6h_present;actual_fee_present;capacity_present;other_venue_existed_before,free,collect,aggTrades;bookDepth;markPriceKlines;indexPriceKlines;premiumIndexKlines;metrics;fundingRate,,,2026
ZAMAUSDT,763c46556515bd213eeffec5,ZAMA,2026-01-09T09:00:00+00:00,2026-01-09T08:41:58.055000+00:00,False,False,True,False,True,False,False,False,False,False,False,False,False,True,False,False,False,20,82,85,unusable,near_usable,first_trade_ts_present;first_mark_ts_present;first_index_ts_present;trades_t0_t6h_present;body_trading_time_present,first_orderbook_ts_present;first_oi_ts_present;funding_present;l2_t0_t6h_present;actual_fee_present;capacity_present;other_venue_existed_before,free,collect,aggTrades;bookDepth;markPriceKlines;premiumIndexKlines;metrics;fundingRate,indexPriceKlines,,2026
FOGOUSDT,701f9793a5920437c54aab4c,FOGO,2026-01-10T14:00:00+00:00,2026-01-10T13:42:18.059000+00:00,False,False,True,False,True,False,False,False,False,False,False,False,False,True,False,False,False,20,82,85,unusable,near_usable,first_trade_ts_present;first_mark_ts_present;first_index_ts_present;trades_t0_t6h_present;body_trading_time_present,first_orderbook_ts_present;first_oi_ts_present;funding_present;l2_t0_t6h_present;actual_fee_present;capacity_present;other_venue_existed_before,free,collect,aggTrades;bookDepth;markPriceKlines;premiumIndexKlines;metrics;fundingRate,indexPriceKlines,,2026
SPORTFUNUSDT,1e56bc144c18fcd108d7e157,SPORTFUN,2026-01-16T13:45:00+00:00,2026-01-16T12:17:58.954000+00:00,False,False,True,False,True,False,False,False,False,False,False,False,False,True,False,False,False,20,82,85,unusable,near_usable,first_trade_ts_present;first_mark_ts_present;first_index_ts_present;trades_t0_t6h_present;body_trading_time_present,first_orderbook_ts_present;first_oi_ts_present;funding_present;l2_t0_t6h_present;actual_fee_present;capacity_present;other_venue_existed_before,free,collect,aggTrades;bookDepth;markPriceKlines;indexPriceKlines;premiumIndexKlines;metrics;fundingRate,,,2026
AIAUSDT,3e941568d54f2776e7028bbd,AIA,2026-01-20T11:15:00+00:00,2026-01-20T10:26:30.062000+00:00,False,False,True,False,True,False,False,False,False,False,False,False,False,True,True,False,False,30,92,95,unusable,clean,first_trade_ts_present;first_mark_ts_present;first_index_ts_present;trades_t0_t6h_present;body_trading_time_present,first_orderbook_ts_present;first_oi_ts_present;funding_present;l2_t0_t6h_present;actual_fee_present;capacity_present,free,collect,aggTrades;bookDepth;markPriceKlines;indexPriceKlines;premiumIndexKlines;metrics;fundingRate,,bybit:futures_listing@2025-09-18T10:14,2026
ACUUSDT,5abc76df6e2d2a1b0c63b0a0,ACU,2026-01-21T12:45:00+00:00,2026-01-21T11:17:15.066000+00:00,False,False,True,False,True,False,False,False,False,False,False,False,False,True,False,False,False,20,82,85,unusable,near_usable,first_trade_ts_present;first_mark_ts_present;first_index_ts_present;trades_t0_t6h_present;body_trading_time_present,first_orderbook_ts_present;first_oi_ts_present;funding_present;l2_t0_t6h_present;actual_fee_present;capacity_present;other_venue_existed_before,free,collect,aggTrades;bookDepth;markPriceKlines;indexPriceKlines;premiumIndexKlines;metrics;fundingRate,,,2026
ELSAUSDT,5ee5dcd51b181f0ba234947b,ELSA,2026-01-22T07:25:00+00:00,2026-01-22T06:47:09.007000+00:00,False,False,True,False,True,False,False,False,False,False,False,False,False,True,False,False,False,20,82,85,unusable,near_usable,first_trade_ts_present;first_mark_ts_present;first_index_ts_present;trades_t0_t6h_present;body_trading_time_present,first_orderbook_ts_present;first_oi_ts_present;funding_present;l2_t0_t6h_present;actual_fee_present;capacity_present;other_venue_existed_before,free,collect,aggTrades;bookDepth;markPriceKlines;indexPriceKlines;premiumIndexKlines;metrics;fundingRate,,,2026
SKRUSDT,ee0ff8e2e0adb92d34d183f6,SKR,2026-01-22T10:45:00+00:00,2026-01-22T09:14:34.832000+00:00,False,False,True,False,True,False,False,False,False,False,False,False,False,True,True,False,False,30,92,95,unusable,clean,first_trade_ts_present;first_mark_ts_present;first_index_ts_present;trades_t0_t6h_present;body_trading_time_present,first_orderbook_ts_present;first_oi_ts_present;funding_present;l2_t0_t6h_present;actual_fee_present;capacity_present,free,collect,aggTrades;bookDepth;markPriceKlines;indexPriceKlines;premiumIndexKlines;metrics;fundingRate,,bybit:futures_listing@2026-01-20T10:33,2026
SPACEUSDT,2df79d1ad5aba75fcb77f422,SPACE,2026-01-23T11:45:00+00:00,2026-01-23T10:16:02.322000+00:00,False,False,True,False,True,False,False,False,False,False,False,False,False,True,False,False,False,20,82,85,unusable,near_usable,first_trade_ts_present;first_mark_ts_present;first_index_ts_present;trades_t0_t6h_present;body_trading_time_present,first_orderbook_ts_present;first_oi_ts_present;funding_present;l2_t0_t6h_present;actual_fee_present;capacity_present;other_venue_existed_before,free,collect,aggTrades;bookDepth;markPriceKlines;indexPriceKlines;premiumIndexKlines;metrics;fundingRate,,,2026
BIRBUSDT,aeb53715c4b9a92a0aaee948,BIRB,2026-01-29T05:15:00+00:00,2026-01-29T03:29:48.656000+00:00,False,False,True,False,True,False,False,False,False,False,False,False,False,True,True,False,False,30,92,95,unusable,clean,first_trade_ts_present;first_mark_ts_present;first_index_ts_present;trades_t0_t6h_present;body_trading_time_present,first_orderbook_ts_present;first_oi_ts_present;funding_present;l2_t0_t6h_present;actual_fee_present;capacity_present,free,collect,aggTrades;bookDepth;markPriceKlines;indexPriceKlines;premiumIndexKlines;metrics;fundingRate,,bybit:listing@2026-01-28T04:09,2026
XPTUSDT,c5dff8660134fc9e4ef8fb2d,XPT,2026-01-30T10:00:00+00:00,2026-01-30T05:16:09.670000+00:00,False,False,True,False,True,False,False,False,False,False,False,False,False,True,False,False,False,20,82,85,unusable,near_usable,first_trade_ts_present;first_mark_ts_present;first_index_ts_present;trades_t0_t6h_present;body_trading_time_present,first_orderbook_ts_present;first_oi_ts_present;funding_present;l2_t0_t6h_present;actual_fee_present;capacity_present;other_venue_existed_before,free,collect,aggTrades;bookDepth;markPriceKlines;indexPriceKlines;premiumIndexKlines;metrics;fundingRate,,,2026
MEGAUSDT,62ac4b9ad3859d53823e2e50,MEGA,2026-01-30T12:15:00+00:00,2026-01-30T10:35:59.414000+00:00,False,False,True,False,True,False,False,False,False,False,False,False,False,True,True,False,False,30,92,95,unusable,clean,first_trade_ts_present;first_mark_ts_present;first_index_ts_present;trades_t0_t6h_present;body_trading_time_present,first_orderbook_ts_present;first_oi_ts_present;funding_present;l2_t0_t6h_present;actual_fee_present;capacity_present,free,collect,aggTrades;bookDepth;markPriceKlines;premiumIndexKlines;metrics;fundingRate,indexPriceKlines,bybit:futures_listing@2025-10-23T11:50,2026
INXUSDT,8ff1068f61ea68e265c0dc5d,INX,2026-01-30T19:04:00+00:00,2026-01-30T17:33:17.965000+00:00,False,False,True,False,True,False,False,False,False,False,False,False,False,True,True,False,False,30,92,95,unusable,clean,first_trade_ts_present;first_mark_ts_present;first_index_ts_present;trades_t0_t6h_present;body_trading_time_present,first_orderbook_ts_present;first_oi_ts_present;funding_present;l2_t0_t6h_present;actual_fee_present;capacity_present,free,collect,aggTrades;bookDepth;markPriceKlines;indexPriceKlines;premiumIndexKlines;metrics;fundingRate,,okx:listing@2023-03-03T07:22,2026
TRIAUSDT,8580bf0f45e76926710e6d66,TRIA,2026-02-06T12:15:00+00:00,2026-02-06T10:17:30.892000+00:00,False,False,True,False,True,False,False,False,False,False,False,False,False,True,True,False,False,30,92,95,unusable,clean,first_trade_ts_present;first_mark_ts_present;first_index_ts_present;trades_t0_t6h_present;body_trading_time_present,first_orderbook_ts_present;first_oi_ts_present;funding_present;l2_t0_t6h_present;actual_fee_present;capacity_present,free,collect,aggTrades;bookDepth;markPriceKlines;indexPriceKlines;premiumIndexKlines;metrics;fundingRate,,bybit:futures_listing@2026-02-05T10:28,2026
ESPUSDT,39e53c142c32db3562f9c32a,ESP,2026-02-10T08:10:00+00:00,2026-02-10T08:00:18.198000+00:00,False,False,True,False,True,False,False,False,False,False,False,False,False,True,False,False,False,20,82,85,unusable,near_usable,first_trade_ts_present;first_mark_ts_present;first_index_ts_present;trades_t0_t6h_present;body_trading_time_present,first_orderbook_ts_present;first_oi_ts_present;funding_present;l2_t0_t6h_present;actual_fee_present;capacity_present;other_venue_existed_before,free,collect,aggTrades;bookDepth;markPriceKlines;premiumIndexKlines;metrics;fundingRate,indexPriceKlines,,2026
AZTECUSDT,f3a8cfdbd0cf490022078019,AZTEC,2026-02-11T04:29:00+00:00,2026-02-11T04:13:59.091000+00:00,False,False,True,False,True,False,False,False,False,False,False,False,False,True,False,False,False,20,82,85,unusable,near_usable,first_trade_ts_present;first_mark_ts_present;first_index_ts_present;trades_t0_t6h_present;body_trading_time_present,first_orderbook_ts_present;first_oi_ts_present;funding_present;l2_t0_t6h_present;actual_fee_present;capacity_present;other_venue_existed_before,free,collect,aggTrades;bookDepth;markPriceKlines;premiumIndexKlines;metrics;fundingRate,indexPriceKlines,,2026
OPNUSDT,b58ff253b57614c58da55ec0,OPN,2026-02-21T15:00:00+00:00,2026-02-21T14:41:25.775000+00:00,False,False,True,False,True,False,False,False,False,False,False,False,False,True,True,False,False,30,92,95,unusable,clean,first_trade_ts_present;first_mark_ts_present;first_index_ts_present;trades_t0_t6h_present;body_trading_time_present,first_orderbook_ts_present;first_oi_ts_present;funding_present;l2_t0_t6h_present;actual_fee_present;capacity_present,free,collect,aggTrades;bookDepth;markPriceKlines;premiumIndexKlines;metrics;fundingRate,indexPriceKlines,bybit:futures_listing@2026-02-11T09:51,2026
ROBOUSDT,ffe0e6ccd0ef9616e1269051,ROBO,2026-02-27T08:45:00+00:00,2026-02-27T08:00:22.463000+00:00,False,False,True,False,True,False,False,False,False,False,False,False,False,True,True,False,False,30,92,95,unusable,clean,first_trade_ts_present;first_mark_ts_present;first_index_ts_present;trades_t0_t6h_present;body_trading_time_present,first_orderbook_ts_present;first_oi_ts_present;funding_present;l2_t0_t6h_present;actual_fee_present;capacity_present,free,collect,aggTrades;bookDepth;markPriceKlines;indexPriceKlines;premiumIndexKlines;metrics;fundingRate,,bybit:futures_listing@2026-02-25T09:34,2026
KATUSDT,3e5ba01473f71c2c24066d67,KAT,2026-03-02T05:00:00+00:00,2026-03-02T04:16:40.299000+00:00,False,False,True,False,True,False,False,False,False,False,False,False,False,True,False,False,False,20,82,85,unusable,near_usable,first_trade_ts_present;first_mark_ts_present;first_index_ts_present;trades_t0_t6h_present;body_trading_time_present,first_orderbook_ts_present;first_oi_ts_present;funding_present;l2_t0_t6h_present;actual_fee_present;capacity_present;other_venue_existed_before,free,collect,aggTrades;bookDepth;markPriceKlines;premiumIndexKlines;metrics;fundingRate,indexPriceKlines,,2026
COPPERUSDT,a8187d0cf993805cfd2c093e,COPPER,2026-03-06T09:00:00+00:00,2026-03-04T12:30:04.241000+00:00,False,False,True,False,True,False,False,False,False,False,False,False,False,True,False,False,False,20,82,85,unusable,near_usable,first_trade_ts_present;first_mark_ts_present;first_index_ts_present;trades_t0_t6h_present;body_trading_time_present,first_orderbook_ts_present;first_oi_ts_present;funding_present;l2_t0_t6h_present;actual_fee_present;capacity_present;other_venue_existed_before,free,collect,aggTrades;bookDepth;markPriceKlines;indexPriceKlines;premiumIndexKlines;metrics;fundingRate,,,2026
EDGEUSDT,552172d058d82a30ea33b8c5,EDGE,2026-03-19T14:00:00+00:00,2026-03-19T13:29:23.305000+00:00,False,False,True,False,True,False,False,False,False,False,False,False,False,True,False,False,False,20,82,85,unusable,near_usable,first_trade_ts_present;first_mark_ts_present;first_index_ts_present;trades_t0_t6h_present;body_trading_time_present,first_orderbook_ts_present;first_oi_ts_present;funding_present;l2_t0_t6h_present;actual_fee_present;capacity_present;other_venue_existed_before,free,collect,aggTrades;bookDepth;markPriceKlines;premiumIndexKlines;metrics;fundingRate,indexPriceKlines,,2026
BSBUSDT,33d1502c53913a216cd2cd0b,BSB,2026-03-25T11:45:00+00:00,2026-03-25T10:14:18.121000+00:00,False,False,True,False,True,False,False,False,False,False,False,False,False,True,True,False,False,30,92,95,unusable,clean,first_trade_ts_present;first_mark_ts_present;first_index_ts_present;trades_t0_t6h_present;body_trading_time_present,first_orderbook_ts_present;first_oi_ts_present;funding_present;l2_t0_t6h_present;actual_fee_present;capacity_present,free,collect,aggTrades;bookDepth;markPriceKlines;indexPriceKlines;premiumIndexKlines;metrics;fundingRate,,bybit:listing@2026-03-03T08:56,2026
BASEDUSDT,26ab833409026c6833e35671,BASED,2026-03-30T10:00:00+00:00,2026-03-30T09:40:42.485000+00:00,False,False,True,False,True,False,False,False,False,False,False,False,False,True,True,False,False,30,92,95,unusable,clean,first_trade_ts_present;first_mark_ts_present;first_index_ts_present;trades_t0_t6h_present;body_trading_time_present,first_orderbook_ts_present;first_oi_ts_present;funding_present;l2_t0_t6h_present;actual_fee_present;capacity_present,free,collect,aggTrades;bookDepth;markPriceKlines;indexPriceKlines;premiumIndexKlines;metrics;fundingRate,,bybit:futures_listing@2026-03-30T08:36,2026
BZUSDT,2db85afffb39035b368afd91,BZ,2026-04-01T09:10:00+00:00,2026-03-30T13:00:35.673000+00:00,False,False,True,False,True,False,False,False,False,False,False,False,False,True,False,False,False,20,82,85,unusable,near_usable,first_trade_ts_present;first_mark_ts_present;first_index_ts_present;trades_t0_t6h_present;body_trading_time_present,first_orderbook_ts_present;first_oi_ts_present;funding_present;l2_t0_t6h_present;actual_fee_present;capacity_present;other_venue_existed_before,free,collect,aggTrades;bookDepth;markPriceKlines;indexPriceKlines;premiumIndexKlines;metrics;fundingRate,,,2026
PRLUSDT,522a952ef9eba0157e549954,PRL,2026-04-01T10:30:00+00:00,2026-04-01T09:51:00.284000+00:00,False,False,True,False,True,False,False,False,False,False,False,False,False,True,True,False,False,30,92,95,unusable,clean,first_trade_ts_present;first_mark_ts_present;first_index_ts_present;trades_t0_t6h_present;body_trading_time_present,first_orderbook_ts_present;first_oi_ts_present;funding_present;l2_t0_t6h_present;actual_fee_present;capacity_present,free,collect,aggTrades;bookDepth;markPriceKlines;indexPriceKlines;premiumIndexKlines;metrics;fundingRate,,bybit:futures_listing@2026-03-27T05:01,2026
GENIUSUSDT,6c0f1dc85db6d011c883ed91,GENIUS,2026-04-16T03:30:00+00:00,2026-04-16T02:03:08.861000+00:00,False,False,True,False,True,False,False,False,False,False,False,False,False,True,False,False,False,20,82,85,unusable,near_usable,first_trade_ts_present;first_mark_ts_present;first_index_ts_present;trades_t0_t6h_present;body_trading_time_present,first_orderbook_ts_present;first_oi_ts_present;funding_present;l2_t0_t6h_present;actual_fee_present;capacity_present;other_venue_existed_before,free,collect,aggTrades;bookDepth;markPriceKlines;indexPriceKlines;premiumIndexKlines;metrics;fundingRate,,,2026
CHIPUSDT,0c2309bd4c1d478508f92129,CHIP,2026-04-16T07:15:00+00:00,2026-04-16T06:14:15.403000+00:00,False,False,True,False,True,False,False,False,False,False,False,False,False,True,False,False,False,20,82,85,unusable,near_usable,first_trade_ts_present;first_mark_ts_present;first_index_ts_present;trades_t0_t6h_present;body_trading_time_present,first_orderbook_ts_present;first_oi_ts_present;funding_present;l2_t0_t6h_present;actual_fee_present;capacity_present;other_venue_existed_before,free,collect,aggTrades;bookDepth;markPriceKlines;premiumIndexKlines;metrics;fundingRate,indexPriceKlines,,2026
OPGUSDT,ccb83aab3b96f19dedf813f2,OPG,2026-04-22T15:30:00+00:00,2026-04-22T14:51:55.953000+00:00,False,False,True,False,True,False,False,False,False,False,False,False,False,True,True,False,False,30,92,95,unusable,clean,first_trade_ts_present;first_mark_ts_present;first_index_ts_present;trades_t0_t6h_present;body_trading_time_present,first_orderbook_ts_present;first_oi_ts_present;funding_present;l2_t0_t6h_present;actual_fee_present;capacity_present,free,collect,aggTrades;bookDepth;markPriceKlines;indexPriceKlines;premiumIndexKlines;metrics;fundingRate,,bybit:listing@2026-04-21T03:13,2026
AIGENSYNUSDT,aa14e742e8cfb1efff510dc4,AIGENSYN,2026-04-29T14:15:00+00:00,2026-04-29T13:27:04.104000+00:00,False,False,True,False,True,False,False,False,False,False,False,False,False,True,False,False,False,20,82,85,unusable,near_usable,first_trade_ts_present;first_mark_ts_present;first_index_ts_present;trades_t0_t6h_present;body_trading_time_present,first_orderbook_ts_present;first_oi_ts_present;funding_present;l2_t0_t6h_present;actual_fee_present;capacity_present;other_venue_existed_before,free,collect,aggTrades;bookDepth;markPriceKlines;indexPriceKlines;metrics;fundingRate,premiumIndexKlines,,2026
BILLUSDT,742251cb77d37722f13a482f,BILL,2026-05-07T08:15:00+00:00,2026-05-07T06:59:29.304000+00:00,False,False,True,False,True,False,False,False,False,False,False,False,False,True,True,False,False,30,92,95,unusable,clean,first_trade_ts_present;first_mark_ts_present;first_index_ts_present;trades_t0_t6h_present;body_trading_time_present,first_orderbook_ts_present;first_oi_ts_present;funding_present;l2_t0_t6h_present;actual_fee_present;capacity_present,free,collect,aggTrades;bookDepth;markPriceKlines;indexPriceKlines;premiumIndexKlines;metrics;fundingRate,,bybit:listing@2026-05-04T05:38,2026
PHAROSUSDT,56f2f342b29eec0adafc21d9,PHAROS,2026-05-14T05:15:00+00:00,2026-05-14T04:14:04.113000+00:00,False,False,True,False,True,False,False,False,False,False,False,False,False,True,False,False,False,20,82,85,unusable,near_usable,first_trade_ts_present;first_mark_ts_present;first_index_ts_present;trades_t0_t6h_present;body_trading_time_present,first_orderbook_ts_present;first_oi_ts_present;funding_present;l2_t0_t6h_present;actual_fee_present;capacity_present;other_venue_existed_before,free,collect,aggTrades;bookDepth;markPriceKlines;indexPriceKlines;metrics;fundingRate,premiumIndexKlines,,2026
SPCXUSDT,1a859f85a0722b921770c970,SPCX,2026-05-21T04:45:00+00:00,2026-05-21T03:30:20.816000+00:00,False,False,True,False,True,False,False,False,False,False,False,False,False,True,False,False,False,20,77,80,unusable,near_usable,first_trade_ts_present;first_mark_ts_present;first_index_ts_present;trades_t0_t6h_present;body_trading_time_present,first_orderbook_ts_present;first_oi_ts_present;funding_present;l2_t0_t6h_present;actual_fee_present;capacity_present;other_venue_existed_before,free,collect,aggTrades;bookDepth;markPriceKlines;metrics;fundingRate,indexPriceKlines;premiumIndexKlines,,2026
OPENAIUSDT,976b92e9c98390bef992d712,OPENAI,2026-05-26T08:30:00+00:00,2026-05-26T07:00:01.392000+00:00,False,False,True,False,True,False,False,False,False,False,False,False,False,True,False,False,False,20,82,85,unusable,near_usable,first_trade_ts_present;first_mark_ts_present;first_index_ts_present;trades_t0_t6h_present;body_trading_time_present,first_orderbook_ts_present;first_oi_ts_present;funding_present;l2_t0_t6h_present;actual_fee_present;capacity_present;other_venue_existed_before,free,collect,aggTrades;bookDepth;markPriceKlines;premiumIndexKlines;metrics;fundingRate,indexPriceKlines,,2026
CTRUSDT,572cd83f5720bcd5d1c2187c,CTR,2026-05-28T09:30:00+00:00,2026-05-28T08:16:29.339000+00:00,False,False,True,False,True,False,False,False,False,False,False,False,False,True,False,False,False,20,82,85,unusable,near_usable,first_trade_ts_present;first_mark_ts_present;first_index_ts_present;trades_t0_t6h_present;body_trading_time_present,first_orderbook_ts_present;first_oi_ts_present;funding_present;l2_t0_t6h_present;actual_fee_present;capacity_present;other_venue_existed_before,free,collect,aggTrades;bookDepth;markPriceKlines;indexPriceKlines;metrics;fundingRate,premiumIndexKlines,,2026
QNTXUSDT,71e4da15c6c4a9bb54da9834,QNTX,2026-05-29T08:15:00+00:00,2026-05-29T07:00:06.968000+00:00,False,False,True,False,True,False,False,False,False,False,False,False,False,True,False,False,False,20,82,85,unusable,near_usable,first_trade_ts_present;first_mark_ts_present;first_index_ts_present;trades_t0_t6h_present;body_trading_time_present,first_orderbook_ts_present;first_oi_ts_present;funding_present;l2_t0_t6h_present;actual_fee_present;capacity_present;other_venue_existed_before,free,collect,aggTrades;bookDepth;markPriceKlines;premiumIndexKlines;metrics;fundingRate,indexPriceKlines,,2026
SLXUSDT,03ba3fbc3b60d01293ced6b8,SLX,2026-06-01T07:30:00+00:00,2026-06-01T06:15:08.711000+00:00,False,False,True,False,True,False,False,False,False,False,False,False,False,True,False,False,False,20,82,85,unusable,near_usable,first_trade_ts_present;first_mark_ts_present;first_index_ts_present;trades_t0_t6h_present;body_trading_time_present,first_orderbook_ts_present;first_oi_ts_present;funding_present;l2_t0_t6h_present;actual_fee_present;capacity_present;other_venue_existed_before,free,collect,aggTrades;bookDepth;markPriceKlines;indexPriceKlines;metrics;fundingRate,premiumIndexKlines,,2026
ANTHROPICUSDT,d913e3b032076ea0acc1c625,ANTHROPIC,2026-06-02T04:30:00+00:00,2026-06-02T03:01:28.377000+00:00,False,False,True,False,True,False,False,False,False,False,False,False,False,True,False,False,False,20,82,85,unusable,near_usable,first_trade_ts_present;first_mark_ts_present;first_index_ts_present;trades_t0_t6h_present;body_trading_time_present,first_orderbook_ts_present;first_oi_ts_present;funding_present;l2_t0_t6h_present;actual_fee_present;capacity_present;other_venue_existed_before,free,collect,aggTrades;bookDepth;markPriceKlines;premiumIndexKlines;metrics;fundingRate,indexPriceKlines,,2026
ZESTUSDT,baf507f943c3234dd3349b17,ZEST,2026-06-04T14:00:00+00:00,2026-06-04T12:44:22.460000+00:00,False,False,True,False,True,False,False,False,False,False,False,False,False,True,False,False,False,20,82,85,unusable,near_usable,first_trade_ts_present;first_mark_ts_present;first_index_ts_present;trades_t0_t6h_present;body_trading_time_present,first_orderbook_ts_present;first_oi_ts_present;funding_present;l2_t0_t6h_present;actual_fee_present;capacity_present;other_venue_existed_before,free,collect,aggTrades;bookDepth;markPriceKlines;indexPriceKlines;premiumIndexKlines;metrics;fundingRate,,,2026
ARXUSDT,ace902e11e083aed89453fd5,ARX,2026-06-23T04:45:00+00:00,2026-06-23T03:30:38.167000+00:00,False,False,True,False,True,False,False,False,False,False,False,False,False,True,True,False,False,30,92,95,unusable,clean,first_trade_ts_present;first_mark_ts_present;first_index_ts_present;trades_t0_t6h_present;body_trading_time_present,first_orderbook_ts_present;first_oi_ts_present;funding_present;l2_t0_t6h_present;actual_fee_present;capacity_present,free,collect,aggTrades;bookDepth;markPriceKlines;indexPriceKlines;premiumIndexKlines;metrics;fundingRate,,bybit:listing@2026-06-22T13:30,2026
OUSDT,dda6f21f5273653ecc988770,OUSDT,2026-06-24T11:45:00+00:00,2026-06-24T10:30:18.531000+00:00,False,False,True,False,True,False,False,False,False,False,False,False,False,True,False,False,False,20,82,85,unusable,near_usable,first_trade_ts_present;first_mark_ts_present;first_index_ts_present;trades_t0_t6h_present;body_trading_time_present,first_orderbook_ts_present;first_oi_ts_present;funding_present;l2_t0_t6h_present;actual_fee_present;capacity_present;other_venue_existed_before,free,collect,aggTrades;bookDepth;markPriceKlines;indexPriceKlines;metrics;fundingRate,premiumIndexKlines,,2026
CAPUSDT,c5b864cf4dd397c1d6ef3939,CAP,2026-06-27T11:45:00+00:00,2026-06-27T10:50:43.165000+00:00,False,False,True,False,True,False,False,False,False,False,False,False,False,True,True,False,False,30,92,95,unusable,clean,first_trade_ts_present;first_mark_ts_present;first_index_ts_present;trades_t0_t6h_present;body_trading_time_present,first_orderbook_ts_present;first_oi_ts_present;funding_present;l2_t0_t6h_present;actual_fee_present;capacity_present,free,collect,aggTrades;bookDepth;markPriceKlines;indexPriceKlines;metrics;fundingRate,premiumIndexKlines,bybit:listing@2026-06-25T13:43,2026
DATAIPUSDT,230ce5a85a2127398ae882db,DATAIP,2026-07-03T06:45:00+00:00,2026-07-03T05:30:27.549000+00:00,False,False,True,False,True,False,False,False,False,False,False,False,False,True,False,False,False,20,82,85,unusable,near_usable,first_trade_ts_present;first_mark_ts_present;first_index_ts_present;trades_t0_t6h_present;body_trading_time_present,first_orderbook_ts_present;first_oi_ts_present;funding_present;l2_t0_t6h_present;actual_fee_present;capacity_present;other_venue_existed_before,free,collect,aggTrades;bookDepth;markPriceKlines;indexPriceKlines;premiumIndexKlines;metrics;fundingRate,,,2026
SKHYUSDT,ebcb069f413d87e3ef9e100d,SKHY,2026-07-10T15:50:00+00:00,2026-07-10T15:37:03.303000+00:00,False,False,True,False,True,False,False,False,False,False,False,False,False,True,False,False,False,20,82,85,unusable,near_usable,first_trade_ts_present;first_mark_ts_present;first_index_ts_present;trades_t0_t6h_present;body_trading_time_present,first_orderbook_ts_present;first_oi_ts_present;funding_present;l2_t0_t6h_present;actual_fee_present;capacity_present;other_venue_existed_before,free,collect,aggTrades;bookDepth;markPriceKlines;indexPriceKlines;premiumIndexKlines;metrics;fundingRate,,,2026
POPMARTUSDT,da994df5057188e2584557f8,POPMART,2026-07-23T02:30:00+00:00,2026-07-23T01:30:03.723000+00:00,False,False,True,False,True,False,False,False,False,False,False,False,False,True,False,False,False,20,82,85,unusable,near_usable,first_trade_ts_present;first_mark_ts_present;first_index_ts_present;trades_t0_t6h_present;body_trading_time_present,first_orderbook_ts_present;first_oi_ts_present;funding_present;l2_t0_t6h_present;actual_fee_present;capacity_present;other_venue_existed_before,free,collect,aggTrades;bookDepth;markPriceKlines;indexPriceKlines;premiumIndexKlines;metrics;fundingRate,,,2026
GRVTUSDT,236fa99f5592a4897da47982,GRVT,2026-07-31T12:45:00+00:00,2026-07-31T11:30:11.662000+00:00,False,False,True,False,True,False,False,False,False,False,False,False,False,True,True,False,False,30,92,95,unusable,clean,first_trade_ts_present;first_mark_ts_present;first_index_ts_present;trades_t0_t6h_present;body_trading_time_present,first_orderbook_ts_present;first_oi_ts_present;funding_present;l2_t0_t6h_present;actual_fee_present;capacity_present,free,collect,aggTrades;bookDepth;markPriceKlines;indexPriceKlines;premiumIndexKlines;metrics;fundingRate,,bybit:listing@2026-07-29T00:00,2026
GIGADEVUSDT,43f2c0248b765f05f8838aac,GIGADEV,2026-08-03T05:30:00+00:00,2026-08-03T02:30:09.135000+00:00,False,False,True,False,True,False,False,False,False,False,False,False,False,True,False,False,False,20,82,85,unusable,near_usable,first_trade_ts_present;first_mark_ts_present;first_index_ts_present;trades_t0_t6h_present;body_trading_time_present,first_orderbook_ts_present;first_oi_ts_present;funding_present;l2_t0_t6h_present;actual_fee_present;capacity_present;other_venue_existed_before,free,collect,aggTrades;bookDepth;markPriceKlines;indexPriceKlines;premiumIndexKlines;metrics;fundingRate,,,2026
DOSUSDT,59e06472fc86d6593e4f1ec7,DOS,2026-08-11T15:00:00+00:00,2026-08-11T14:00:02.967000+00:00,False,False,True,False,True,False,False,False,False,False,False,False,False,True,False,False,False,20,82,85,unusable,near_usable,first_trade_ts_present;first_mark_ts_present;first_index_ts_present;trades_t0_t6h_present;body_trading_time_present,first_orderbook_ts_present;first_oi_ts_present;funding_present;l2_t0_t6h_present;actual_fee_present;capacity_present;other_venue_existed_before,free,collect,aggTrades;bookDepth;markPriceKlines;indexPriceKlines;premiumIndexKlines;metrics;fundingRate,,,2026
UNITREEUSDT,8e5439011d436434070c3559,UNITREE,2026-08-19T02:45:00+00:00,2026-08-19T02:30:09.387000+00:00,False,False,True,False,True,False,False,False,False,False,False,False,False,True,True,False,False,30,92,95,unusable,clean,first_trade_ts_present;first_mark_ts_present;first_index_ts_present;trades_t0_t6h_present;body_trading_time_present,first_orderbook_ts_present;first_oi_ts_present;funding_present;l2_t0_t6h_present;actual_fee_present;capacity_present,free,collect,aggTrades;bookDepth;markPriceKlines;indexPriceKlines;premiumIndexKlines;metrics;fundingRate,,bybit:futures_listing@2026-08-03T01:53,2026
MARSCOINUSDT,52458484e807a05d5e6a8195,MARSCOIN,2026-09-01T09:45:00+00:00,2026-09-01T08:45:05.663000+00:00,False,False,True,False,True,False,False,False,False,False,False,False,False,True,False,False,False,20,77,80,unusable,near_usable,first_trade_ts_present;first_mark_ts_present;first_index_ts_present;trades_t0_t6h_present;body_trading_time_present,first_orderbook_ts_present;first_oi_ts_present;funding_present;l2_t0_t6h_present;actual_fee_present;capacity_present;other_venue_existed_before,free,collect,aggTrades;bookDepth;markPriceKlines;indexPriceKlines;premiumIndexKlines;metrics,fundingRate,,2026
GPROUSDT,9d284c44285f781ea3153bc1,GPRO,2026-09-03T13:45:00+00:00,2026-09-03T12:30:25.942000+00:00,False,False,True,False,True,False,False,False,False,False,False,False,False,True,True,False,False,30,87,90,unusable,near_usable,first_trade_ts_present;first_mark_ts_present;first_index_ts_present;trades_t0_t6h_present;body_trading_time_present,first_orderbook_ts_present;first_oi_ts_present;funding_present;l2_t0_t6h_present;actual_fee_present;capacity_present,free,collect,aggTrades;bookDepth;markPriceKlines;indexPriceKlines;premiumIndexKlines;metrics,fundingRate,bybit:futures_listing@2026-09-02T08:24,2026
PONSUSDT,266efa4370e672325fa7860d,PONS,2026-09-06T06:45:00+00:00,2026-09-06T05:55:11.414000+00:00,False,False,True,False,True,False,False,False,False,False,False,False,False,True,True,False,False,30,87,90,unusable,near_usable,first_trade_ts_present;first_mark_ts_present;first_index_ts_present;trades_t0_t6h_present;body_trading_time_present,first_orderbook_ts_present;first_oi_ts_present;funding_present;l2_t0_t6h_present;actual_fee_present;capacity_present,free,collect,aggTrades;bookDepth;markPriceKlines;indexPriceKlines;premiumIndexKlines;metrics,fundingRate,bybit:futures_listing@2026-08-31T09:39,2026
